Alpha-2 ISO country code,Country name,Area,Population,GDP,Extraction,Emissions,Consumption,Historical,Reserves,PeopleAtRisk,SeaLevel,Poverty
,,"Value","Value","Value","Value","Value","Value","Value","Value","Value","Value","Value"
,,"Country sizes show **actual land area**. Most world maps don't show this accurately as it isn't possible to represent the globe as a flat map without compromising on either shape or area.","Country sizes show **total population** – which includes all residents except refugees. Asia balloons enormously, emphasising that more than half of the world's people live there.","Country sizes show **total GDP**, the sum of all the economic activity in each nation. The map is dominated by North America and Western Europe, which account for more than half the world's GDP, despite being home to less than a fifth of the global population.","Country sizes show the eventual **CO₂ emissions from oil, coal and gas extracted** each year. Many of these fuels are exported rather than used domestically, but arguably the countries extracting and selling fossil fuels bear a degree of responsibility for the resulting emissions.","Countries are sized to show their annual **CO₂ emissions from fossil fuel use** and cement production. This is the conventional way to view national emissions, but it ignores imports and exports of fossil fuels (the [Extraction map](#Extraction)) and goods and services (the [Consumption](#Consumption) map).","Country sizes show the **carbon footprint of all goods and services consumed** in a nation, including imports and excluding exports. Compared to the [Emissions map](#Emissions), major exporters such as China shrink, while net importers such as the UK grow.
","Country sizes show **CO₂ emissions from energy use 1850–2007**. These historical (or 'cumulative') emissions remain relevant because CO₂ can remain in the air for centuries. Europe and the US dominate, having released around half the CO₂ ever emitted.","Country sizes show the **potential CO₂ emissions of fossil fuel reserves**, calculated by converting each nation's estimated stocks of economically recoverable oil, coal and gas into the CO₂ that result if all those fuels were burned. 
","Country sizes show the number of **people injured, left homeless, displaced or requiring emergency assistance due to floods, droughts or extreme temperatures** in a typical year. Climate change is expected to exacerbate many of these threats.","Country sizes show the number of **people living less than 5m above sea level**. Some low-lying populations will find themselves exposed to rising sea levels in the coming decades and centuries.","Country sizes show the number of **people living on less than 1.25 dollars a day**. Poverty adds to climate change vulnerability because lack of access to health services increases the risks of climatic changes, and lack of access to capital makes it harder to implement adaptation measures."
,,129710427.3,7124543962,101887059910829,,36131.00507388448,35425.17188096401,1304687.3218,,,467897466.4095859,
AD,Andorra,470,79218,,,0.514667239960944,,,,,0.0,
AE,United Arab Emirates,83600,9346129,534313286802.283,162.90691135669817,185.0513182406784,233.58979326817283,2768.6456000000003,12.923418725110587,,684374.12793789,
AF,Afghanistan,652230,30551674,60786016696.2408,,9.36987175560192,,99.8852,,323630.8791316502,0.0,
AG,Antigua and Barbuda,440,89985,1887570888.30465,,0.51284858089272,,18.857500000000005,,,29071.7149065,
AI,Anguilla,,,,,0.0659376746862592,,,,,,
AL,Albania,27400,2773620,29092007938.2213,,4.62237759800448,6.60741034990912,243.6052,,146158.04140432886,227611.6335324,17196.444
AM,Armenia,28480,2976566,23140969418.8538,,3.98491649166672,5.09800429339632,525.2339999999998,,14234.864351455204,0.0,73521.1802
AN,Netherlands Antilles,,,,,,,,,,,
AO,Angola,1246700,21471618,161857161225.332,35.0890007417173,31.25592332977584,,415.3354,0.005304280839327241,217242.2463661503,441665.8143555,9312240.7266
AQ,Antarctica,,,,,,,,,,,
AR,Argentina,2736690,41446246,,87.2979276574952,196.8331625264976,183.14068964669602,6632.649700000001,0.6682846270951918,69293.95817682495,1862753.44882464,381305.4632
AS,American Samoa,200,55165,,,,,,,0.14439713465548662,5436.9184193500005,
AT,Austria,82409,8473786,374266081280.571,,62.673261710675206,93.36465443973601,4825.700499999999,,3233.0017320426327,0.0,
AU,Australia,7682300,23130900,1007352589242.69,950.3077778567495,340.9901453370384,337.6881223082944,14589.8597,76415.8031193626,704821.3315695508,1668714.245289,
AW,Aruba,180,102911,3671232222.36581,,2.318808226461408,,,,,30435.743010199996,
AX,Åland Islands,,,,,,,,,,,
AZ,Azerbaijan,82658,9416598,161393782604.655,47.2904274873185,52.54447279921921,40.9662726950496,2277.1751000000013,1.8596524303863804,104106.61795603117,2804647.0815984,40491.3714
BA,Bosnia and Herzegovina,51000,3829307,36885353722.6708,,31.916704059414243,,771.5882000000001,,18887.23342211505,3032.9773359238,1531.7228
BB,Barbados,430,284644,4408669264.19176,,1.482488023505744,,43.96629999999999,,,44671.260821200005,
BD,Bangladesh,130170,156594962,400476885011.821,38.210506785877506,65.0228560346048,76.938380818152,879.7223999999999,0.5831377154579251,7179400.232844149,21858824.534144603,67727321.065
BE,Belgium,30280,11195138,451591111882.321,,98.9962054512336,223.84080879440643,11389.373200000007,,189.44054952567853,1603304.9715872002,
BF,Burkina Faso,273600,16934839,27671868816.979,,1.7594865676365121,2.166262442349616,31.86020000000001,,211691.72415378527,0.0,7552938.194
BG,Bulgaria,108560,7265115,115809883700.309,75.42478944000001,41.5002424491744,47.1973047793008,3350.8444999999992,2366.0,621.3969425699793,110968.60157955,0.0
BH,Bahrain,760,1332171,58380404345.4535,25.294668252934503,24.919654287610403,16.91487413577408,571.1949,0.4029384615273,,887696.8084485,
BI,Burundi,25680,10162532,7831427641.30563,,0.3236561857363264,,9.499800000000002,,241605.18300841437,0.0,8264171.022399999
BJ,Benin,112760,10323474,18488949382.9904,,5.4392106581220805,9.09729022662752,59.6226,,88603.77575066673,1452335.2280471998,4886100.2442
BL,Saint Barthelemy,,,,,,,,,,,
BM,Bermuda,50,65024,3436226452.40735,,0.476216539401168,,,,,53491.1417856,
BN,Brunei Darussalam,5270,417784,29979803423.9055,27.759220334124496,10.546006113272961,,205.06609999999992,0.6095805965882131,,38604.10223504,
BO,Bolivia,1083300,10671200,65409789247.0016,30.479888925000004,18.36111422365424,14.91802298442464,315.5342,0.67076953277067,138451.26090255528,0.0,1665774.32
BR,Brazil,8459420,200361925,3012197279923.74,90.8705224492256,481.73356139964795,482.206687527488,11297.0153,6631.952269284553,966648.166868156,9775245.5751845,12302222.195
BS,Bahamas,10010,377374,8593083606.63993,,2.46189474811536,,145.46820000000002,,,175612.0852846,
BT,Bhutan,38394,753947,5782202543.35875,,0.674821390318944,,7.9644,,101.79115752040128,0.0,12515.5202
BV,Bouvet Island,,,,,,,,,,,
BW,Botswana,566730,2021144,31681894531.4928,,5.1494897020809605,10.97612399594144,105.451,,14964.929828251263,0.0,631203.2712
BY,Belarus,202910,9466000,166747960640.884,,62.437023470614406,76.1087881354304,4839.181500000001,,2078.596487501964,0.0,6626.200000000002
BZ,Belize,22810,331900,2801824772.34547,,0.421268477160176,,14.217700000000002,,2675.3980692860355,52387.062809999996,40524.990000000005
CA,Canada,9093510,35158304,1519100913928.24,512.1473292691838,503.067084792848,560.22903074976,27776.532399999996,6590.839054482331,3777.1401583981406,1403122.2068448002,
CC,Cocos (Keeling) Islands,,,,,,,,,,,
CD,Democratic Republic of the Congo,2267050,67513677,50416181300.8658,,3.012634107193168,,172.00820000000002,,12078.84648388981,24943.913667334204,59222997.46439999
CF,Central African Republic,622980,4616417,2786447825.47912,,0.27605369487088477,,9.9929,,8424.892149511146,0.0,2900494.8011000003
CG,Congo,341500,4447632,26094460377.5036,,2.342205567331376,,92.7311,,11692.666057690238,42971.388103056,2406168.912
CH,Switzerland,40000,8081482,434018235812.804,,40.2650990122848,123.87804939550561,2701.1889,,314.19865568528286,0.0,
CI,Cote d'Ivoire,318000,20316086,61190577808.4348,,6.14125364621136,8.693296498639361,195.52459999999996,,153.87477469096603,659279.7447163201,4825070.425
CK,Cook Islands,,,,,0.081246210555224,,1.3949,,,,
CL,Chile,743532,17619708,386070725071.207,,89.33816054403201,92.7053468396176,2062.5189,,45894.19528870255,283619.85855192004,237866.05800000002
CM,Cameroon,472710,22253959,60331384339.9113,,7.57746792151168,9.09320743091456,212.66269999999997,,16105.68075365577,77620.62953217301,2127478.4804000002
CN,China,9327489.9,1357380000,16157703598062,7423.105901374001,9976.96667036912,8039.90183101664,140860.32759999996,114514.07461160702,107924896.60247332,109393819.6482,160170840.00000003
CO,Colombia,1109500,48321405,597781351142.124,215.35243778480066,88.3013101109568,89.8562948664496,2521.4800999999998,6746.698801067744,317536.2626438261,968639.2874928,3943026.648
CR,Costa Rica,51060,4872166,67588946381.0616,,7.89289432863312,14.04110946078416,175.368,,34156.106618855956,40913.107762124004,152011.5792
CU,Cuba,106440,11265629,211946863089.199,,39.3805358497904,,1415.4108999999996,,81950.47595384275,1130848.3452716002,
CV,Cape Verde,4030,498897,3199115159.14698,,0.37190567225651205,,6.9297,,49.09756925279549,69068.79737100001,104868.1494
CW,Curaçao,444,153500,,,,,,,,,
CX,Christmas Island,,,,,,,,,,,
CY,Cyprus,9240,1141166,26340764093.3868,,7.65966628946864,11.79438827751648,223.19209999999998,,30.562194553071855,110261.42172552,
CZ,Czech Republic,77240,10521468,287701865619.585,117.63081792000001,100.8854435688816,112.732794797048,10866.094299999997,1052.0,16386.76426682571,0.0,13677.9084
DE,Germany,348570,80621788,3493478821242.77,402.08602014,758.5878494243041,917.94012982456,84123.61650000003,40548.20932938068,26463.75820861341,3561386.05689412,
DJ,Djibouti,23180,872932,2617056604.56808,,0.5636096270292321,,17.2749,,59331.85285159785,66580.67105272,164460.3888
DK,Denmark,42430,5613706,240208337675.317,17.1272557822097,40.1680788230096,59.4803555287344,3738.185300000001,0.0721891915382167,0.0,1039012.2136393999,
DM,Dominica,750,72003,722155434.6062,,0.1355385535213072,,3.0799000000000003,,,7512.8938241999995,
DO,Dominican Republic,48320,10403761,121680129321.811,,21.856239651711842,,504.2590999999999,,8188.325348307065,310384.86933551,233044.2464
DZ,Algeria,2381740,39208194,521626285143.378,187.43321290000003,143.01063944487842,,2755.7368,9.530874478315395,15378.606550525601,1384042.1907250802,2662236.3726
EC,Ecuador,248360,15737878,164755634684.835,11.226332611542025,36.39801611172368,40.4421123197056,770.5082000000001,0.0034299169397035375,52953.05211966763,1149176.54660562,725516.1758
EE,Estonia,42390,1324612,33179790733.0761,,18.81391478708144,17.3918068521312,1252.0164,,0.0,95358.36751192,6093.215200000001
EG,Egypt,995450,82056378,909574320865.661,131.45369747170162,214.5412508314096,222.57275530512,4313.5649,3.9064701414532865,10021.93646029075,21012266.9764758,1386752.7882
EH,Western Sahara,,,,,0.2492151412030704,,,,,,
ER,Eritrea,101000,6333135,7570530914.36717,,0.626129265453648,,12.544600000000003,,463806.0559688727,77965.8316953,
ES,Spain,498800,46647421,1497544704934.69,13.373232840000002,239.87237779981442,355.7421829173584,12184.828200000005,530.0,340149.9704038213,3082742.86362863,
ET,Ethiopia,1000000,94100756,127392920414.96,,6.7741036016974405,9.89830250330688,134.12240000000003,,3070524.7651684126,371507.243967588,28841881.714
EU,,4237681,506739265,17401866310300.7,,,,267057.2104,325545.07910000003,,,37283508.50828912,
FI,Finland,303890,5439407,208060906106.381,,50.4328388891488,82.6163236678752,2758.7010000000005,,21.05286960626249,237497.78177308,
FJ,Fiji,18270,881065,7002937607.09224,,1.491783515957728,,39.15109999999999,,15230.412229382326,96873.3610695,51806.622
FK,Falkland Islands,,,,,0.059275945885456004,,,,,,
FM,Micronesia,700,103549,368436573.133923,,0.1197312576602144,,,,1397.7184401404568,56796.740403899996,32255.513499999997
FO,Faroe Islands,1396,49469,,,0.7081237202287041,,,,,5460.5118925,
FR,France,547660,66028467,2436930481996.47,0.30269052,343.9315734362736,532.0046797222881,34119.34190000001,,3775.2739555832277,2666146.3015915803,
GA,Gabon,257670,1671711,32196528499.4196,5.310824497953172,2.719997925495888,,160.44809999999995,0.000837496,,99029.41803396,80910.81240000001
GB,United Kingdom,241930,64097085,2320914002495.52,145.71528915719335,462.05375233912,642.978278666496,70042.31319999999,229.05094951549322,20771.954479189608,5540076.4270293,
GD,Grenada,340,105897,1217601783.33957,,0.2600874945951488,,5.7761,,,23029.187616600004,
GE,Georgia,69490,4476900,32075114179.2045,,6.12192999380496,9.8529573943296,878.8178000000001,,34491.55296368121,146474.408358,805394.31
GF,French Guiana,,,,,0.69012725818512,,,,,,
GG,Guernsey,,,,,,,,,,,
GH,Ghana,227540,25904598,102957702964.573,,9.76152475621328,14.16357170002688,219.1027,,252424.30804637383,596092.51789986,7406124.568200001
GI,Gibraltar,,,,,0.45626528365176006,,,,,,
GL,Greenland,410450,56483,,,0.63373431781704,,,,,29476.026337799998,
GM,Gambia,10120,1849285,3081602726.95897,,0.494783621222848,,9.493999999999998,,3646.605585559234,617872.9331325,621914.5455
GN,Guinea,245720,11745189,14742888044.4925,,1.292084655161904,2.478243112478128,54.82650000000001,,21166.266695621827,426294.33614847,5090364.9126
GP,Guadeloupe,,,,,1.736383438107264,,,,,,
GQ,Equatorial Guinea,28050,757014,25526679216.1598,5.825963063881246,4.999147155632641,,67.3,0.0007139653579726642,,19857.991248000002,
GR,Greece,128900,11032328,282989808068.984,119.17880568000001,74.01594408572801,78.0890274723056,3261.496100000001,3020.0,726.2734498651395,1092303.40362024,
GS,South Georgia South Sandwich Islands,,,,,,,,,,,
GT,Guatemala,107160,15468203,112837460597.923,,11.256387351423522,17.358421658076804,284.0896000000001,,202142.1370292948,47877.908931141006,2092847.8659
GU,Guam,540,165124,,,,,,,,43873.59541160001,
GW,Guinea-Bissau,28120,1704255,2117454226.50743,,0.2492151412030704,,8.4585,,9218.414215028808,320360.9125605,833380.6950000001
GY,Guyana,196850,799613,5238241953.76244,,1.699726725240256,,77.4698,,57337.24338384864,250287.9046269,69566.33099999999
HK,Hong Kong,1042,7187500,382396033284.899,,39.1086493446096,80.22805672272482,,,312.97053451177794,1881300.09375,
HM,Heard Island and McDonald Islands,,,,,,,,,,,
HN,Honduras,111890,8097688,37180295857.6671,,8.0771416655192,10.529940568735679,170.85309999999998,,101649.56698004645,175332.11229856,1451105.6896000002
HR,Croatia,55960,4252700,88898836536.159,,20.533253925103043,28.35693525229632,949.1672999999998,,106.07461506086109,144002.41830699999,2551.62
HT,Haiti,27560,10317461,17566642896.5922,,2.117363036434224,,53.190999999999995,,86699.17511760628,556744.8463546201,6366905.183100001
HU,Hungary,90530,9897247,220130647782.616,19.4107914,41.32084604904,75.3950818047856,4467.161499999999,1660.0,8720.004237081479,0.0,16825.319900000002
ID,Indonesia,1811570,249865631,2388412772402.87,881.4767988837125,493.74734050806404,472.66711335900806,9135.0599,28029.57732370603,401258.5219674315,27897497.70115,40482392.33483677
IE,Ireland,68890,4595281,198995212581.546,,36.7350550435456,53.8930320823248,1848.8878,,225.50741360169386,304401.38519977,
IL,Israel,21640,8059400,264029258140.149,,71.5266904287456,94.4472061565904,1818.6773000000003,,65.35567160790161,665505.196782,
IM,Isle of Man,570,85888,,,,,,,,23853.3650432,
IN,India,2973190,1252139596,6774440834679.72,1263.6895555705744,2406.4875711793125,2070.9463944381923,35581.287599999996,60605.825692389284,54544565.53456112,47105403.951748274,409199219.9728
IO,British Indian Ocean Territory,,,,,,,,,,,
IQ,Iraq,434320,33417476,507540177551.782,58.90853899986665,122.6876265856192,,2867.2374,7.6508927718937505,4958.47149602118,2168170.6222978397,942372.8232
IR,Iran,1628550,77447168,1207117912495.51,391.49537158139583,611.2584724817441,588.464002658,11777.081100000001,71.51044085421951,2367398.771394829,3855618.9691084805,1122983.936
IS,Iceland,100250,323002,12918810372.1366,,1.9663869809307521,,103.3942,,,42278.08708220001,
IT,Italy,294140,59831093,2052363677195.36,16.965048889659702,352.66310374472164,571.282900287984,21061.622499999998,0.10954076020853035,4249.335296212689,4511631.77511102,
JE,Jersey,,,,,,,,,,,
JM,Jamaica,10830,2715000,24135583077.6806,,7.17023935033232,,369.5688,,31044.960077403488,158696.9628,5701.5
JO,Jordan,88780,6459000,76097504992.6862,,22.499257324812323,,478.48539999999997,,23864.291391499377,270469.46238000004,7750.8
JP,Japan,364500,127338621,4624359438058.87,2.58306948108,1246.2118367086562,1596.101178968672,49858.12470000001,347.0,26679.4150334568,20666625.2369886,
KE,Kenya,569140,44353691,100447797152.319,,13.29650135915792,18.189871127282082,319.4252999999999,,2873167.005449986,599625.53229338,19236195.7867
KG,Kyrgyzstan,191800,5719500,18371911384.9335,,6.487531620259521,7.741132771080641,648.1075999999998,,118134.21499288782,0.0,287690.85000000003
KH,Cambodia,176520,15135169,46038895276.6049,,4.9018423594416,12.34058773252672,59.151500000000006,,1005549.0040826667,1601169.2042297,2815141.4340000004
KI,Kiribati,810,102351,189899487.119698,,0.072693977865104,,1.5030000000000001,,5120.619265754818,97459.8913524,
KM,Comoros,1861,734917,1145576466.5516,,0.14569500562653442,,3.0975999999999995,,163.08659664675633,103160.3727817,338870.2287
KN,Saint Kitts and Nevis,260,54191,1134190211.99562,,0.2490978821476832,,4.171600000000001,,,11986.864950599998,
KP,North Korea,120410,24895480,,,76.4921866771904,,4322.171800000001,600.0,621610.535289905,1310926.5184108,
KR,South Korea,97100,50219669,1664258840519.55,4.23360432,615.464269543072,692.9146435763521,12606.579099999999,126.0,40304.00192219977,2491072.3556348803,
KW,Kuwait,17820,3368572,278436018611.447,84.241855100638,100.5990861550576,71.6820364871344,1903.3296000000003,3.8156630046965003,19.102269242672325,767484.3281924,
KY,Cayman Islands,240,58435,,,0.589775868025712,,,,,34822.591043500004,
KZ,Kazakhstan,2699700,17037508,395366237422.232,294.02092125717303,307.73744651703686,248.32685707087202,11407.845000000003,33606.579652013526,36998.86002090491,661056.1622754,18741.258800000003
LA,Laos,230800,6769727,32575982251.0823,,2.0284946612671044,3.651624423758608,29.3539,,182315.62477108103,0.0,2293583.5076
LB,Lebanon,10230,4467390,76703492900.189,,21.87011382134624,,511.48850000000004,,1031.1774867057359,407200.1861094,
LC,Saint Lucia,610,182273,1924855363.41773,,0.40295245641440003,,9.5703,,,14626.11957989,38149.738900000004
LI,Liechtenstein,160,36925,,,,,,,,0.0,
LK,Sri Lanka,62710,20483000,199417126732.584,,14.55315215042784,23.8504853074896,342.5115,,442438.9507545658,1114737.91097,841851.3
LR,Liberia,96320,4294077,3769258408.73476,,0.8512445309466721,,42.207,,80398.18396698727,143678.74290075002,3596718.8952000006
LS,Lesotho,30360,2074465,5363842091.61544,,0.01917039547716208,,6.388300000000001,,70586.80330591304,0.0,900525.2564999999
LT,Lithuania,62674,2956121,71336868329.9402,,12.923145422199681,21.569713864153922,1148.2503999999994,,0.0,118540.95464057001,4729.7936
LU,Luxembourg,2590,543202,49317117622.3243,,10.68602609556784,9.752744156634881,676.1432,,0.0,0.0,
LV,Latvia,62200,2013385,43494955613.7588,,7.38878387820624,14.457182705338882,676.2178999999999,,0.0,482062.15314949997,3825.4315
LY,Libya,1759540,6201521,132695534384.823,24.370615532260686,59.809598034534396,,1382.3304999999998,3.2964326055591293,0.0,292245.49883601005,
MA,Morocco,446300,33008150,241757193463.707,,52.2236395398192,59.148274511508795,1184.8654,,24991.324073965177,1237909.270591,831805.38
MC,Monaco,2,37831,,,,,,,,37830.9962169,
MD,Moldova,32854,3559000,16617805310.6082,,4.83204365913792,,927.8733,,12236.227139075008,33461.618347999996,13880.1
ME,Montenegro,13450,621383,8897187375.54328,,2.6330774245742563,,14.43,,75.64892159318214,,0.0
MF,Saint Martin,54.4,31264,,,,,,,,,
MG,Madagascar,581540,22924851,31972101281.0733,,2.0771483800844,4.5687840621091205,66.09479999999999,,198211.7211957651,466467.5321956801,18635611.3779
MH,Marshall Islands,180,52634,195290489.565595,,0.1197312576602144,,,,30.745745253600504,52333.2019534,
MK,Macedonia,25220,2107158,24869462061.7534,,,,441.85,,6417.9561445829795,0.0,12642.948
ML,Mali,1220190,15301650,25116634822.0447,,0.651793446223584,,21.180899999999998,,99897.6067530081,0.0,7716622.095
MM,Burma,653290,53259018,,24.314473618357503,10.37467465397152,,364.3719,0.598901366292615,49217.1567415458,7468618.612176,
MN,Mongolia,1553560,2839073,26779998891.1384,,12.54179903338192,13.69344737644096,399.4163000000001,,72718.37591467718,0.0,
MO,Macau,28,566375,80744898225.2701,,1.1991364396972002,,,,,452523.26033749996,
MP,Northern Mariana Islands,460,53855,,,,,,,,21154.556359000002,
MQ,Martinique,,,,,2.278536856341648,,,,,,
MR,Mauritania,1030700,3889880,11834938575.0163,,2.3133549335800803,,67.3265,,119885.07661454126,794703.6509639999,911398.8840000001
MS,Montserrat,,,,,0.0769272871337248,,,,,,
MT,Malta,320,423282,11906304319.3919,,2.576986322071296,7.103767703422401,83.7982,,,92374.312347,
MU,Mauritius,2030,1296303,22296349818.2234,,4.08878680623344,5.6795543430584,80.23369999999998,,0.0,73180.02473961,
MV,Maldives,300,345023,4020861064.72742,,1.252902089087008,,13.4259,,105.74249120474335,345023.0,5106.3404
MW,Malawi,94280,16362567,12759725387.5099,,1.268132848565888,2.819156493523008,37.919799999999995,,1443259.0420381317,0.0,10085886.2988
MX,Mexico,1943950,122332399,2014006321414.58,209.91872067744913,465.83340648079997,484.7070862971681,14523.607099999994,1212.5025779079654,183306.87590089306,3317739.07023531,880793.2728
MY,Malaysia,328550,29716965,692334723218.705,136.31175391727692,229.1990774977248,203.7548364124048,3505.2327000000005,2.309943085967961,28803.734244337007,2816696.6737654503,0.0
MZ,Mozambique,786380,25833752,27006124693.4839,,3.154246027938,7.725807182884961,117.96300000000001,,946147.7221451048,1673974.94542096,15391749.441599999
NA,Namibia,823290,2303315,22307581627.8953,,3.276397964086944,9.062528937058241,44.4365,,78345.7386943502,66870.14051095,734987.8165000001
NC,New Caledonia,18280,262000,,,4.38414708670608,,,,,89830.8658,
NE,Niger,1266700,17831270,16272358993.5866,,1.4386961546055042,,34.0811,,1341814.7896377125,0.0,7777999.973999999
NF,Norfolk Island,,,,,,,,,,,
NG,Nigeria,910770,173615345,1017913296881.35,126.71899736557667,83.17011953264961,63.011093347688,2647.9456,10.757637292406248,95546.19190053326,5263413.078999399,118023711.531
NI,Nicaragua,120340,6080478,27792848666.2866,,4.5863984463144005,5.70687805114464,130.0996,,50686.76532421869,88885.09625658,724184.9298
NL,Netherlands,33730,16804224,729365779857.717,122.19797936373303,164.86548312647682,142.7280988154576,10354.034500000003,1.8002879673232501,796.1607434627547,10305042.490828801,
NO,Norway,304250,5084190,332817002451.18,232.0190381720724,57.9073306456832,55.548950332248005,2045.4057999999998,4.337269008959802,345.50060333680733,474772.4406828,
NP,Nepal,143350,27797457,62384464756.8791,,4.266880663051521,7.2787697028905605,68.54010000000001,,195637.53342966523,0.0,6899328.8274
NR,Nauru,,,,,0.0983506759350976,,5.082300000000001,,,,
NU,Niue,,,,,0.00855223269001008,,0.18709999999999996,,,,
NZ,New Zealand,263310,4470800,153022598047.561,10.045227768840002,32.37994092294096,38.8906841672432,1495.1594,571.0,485.2599403386001,561497.60776,
OM,Oman,309500,3632444,160015940202.652,68.83235166866427,59.1522980601952,51.587543136777605,707.8299999999999,2.0115530887870854,,199221.7544244,
PA,Panama,74340,3864170,75009277433.4915,,9.39710632985328,3.1699848263827524,210.15489999999994,,7587.740305136235,152748.708015,253489.552
PE,Peru,1280000,30375603,357683896563.494,23.559775474134486,64.8401422877088,67.19222233519041,1437.8108000000002,0.9214665200352764,593047.4449433829,520884.78907239,1491442.1073000003
PF,French Polynesia,3660,276831,,,1.030544039147552,,,,,54931.8798441,
PG,Papua New Guinea,452860,7321262,18584737419.2793,,3.6516593641828963,,106.40939999999998,0.327404296024965,53503.62883892593,147958.01941232,2620279.6698
PH,Philippines,298170,98393574,642764319128.201,,93.3254705542144,112.5467156786096,2347.7657,,793430.8890363823,10362742.3381782,18124096.3308
PK,Pakistan,770880,182142594,855867786863.224,81.72327006000678,164.4654873260688,178.7884343280528,3270.3104000000008,2072.7648853412315,1922228.0067367752,2323083.0723948,38322801.7776
PL,Poland,304150,38530725,896795028575.993,291.10522421183083,311.4632384814192,303.72080429476483,24009.5017,5465.494106731962,12336.42158537457,960326.30414625,26971.507500000007
PM,Saint Pierre and Miquelon,,,,,0.06960087883541441,,,,,,
PN,Pitcairn Islands,,,,,,,,,,,
PR,Puerto Rico,8870,3615086,126611951941.661,,,,,,596.3923511203968,408541.2303686,
PS,Palestine,6020,4169506,18518458054.1316,,,,,,,468456.507618,1667.8024
PT,Portugal,91470,10459806,270829870027.401,,51.928409449180805,66.6974265620624,2130.2852000000007,,188.5207761446843,548974.5500652001,
PW,Palau,460,20918,315700813.412887,,0.25229086435542564,,,,,11624.425452000001,
PY,Paraguay,397300,6802295,54711026311.3596,,4.987999438673761,8.728101609208961,113.2855,,48620.99898101327,0.0,487044.32200000004
QA,Qatar,11610,2168673,285739068025.933,309.27289593259997,87.3668495122848,34.94991243818496,939.4642999999998,52.20475043340134,,500457.5115891,
RE,Reunion,,,,,4.36346010885072,,,,,,
RO,Romania,230160,19963581,372017313483.142,94.588823516,75.4853922753744,98.1877351492336,7529.994300000002,291.4989136957905,16963.251995819097,577339.37599503,79854.32400000001
RS,Serbia,87460,7163976,88646954382.0357,,46.4786287467152,,2506.6561,,763.7209871557018,6472.5355431912,15044.3496
RU,Russia,16376870,143499861,3461258723665.1,2054.996932512535,1811.940772135584,1493.320635094288,101116.7467,157144.35041466678,190425.029259602,4129564.37993028,0.0
RW,Rwanda,24670,11776522,17096570167.032,,0.617605416501952,1.143190940380944,22.666600000000003,,152620.56496758826,0.0,7439228.9474
SA,Saudi Arabia,2149690,28828870,1550428656588.23,395.8577851473526,519.299703010896,419.818923428336,8588.4125,17.52570008342054,1631.855632292535,294578.2945679,
SB,Solomon Islands,27990,561231,1160881187.4623,,0.23518639897518562,,6.204999999999999,,507.0388523513695,75150.1778544,
SC,Seychelles,460,89173,2156974406.81358,,0.736143186322848,,13.0252,,69.5739552096489,36859.4990386,222.9325
SD,Sudan,2376000,37964306,128021295997.875,6.002384070453804,15.18116863145648,,291.3838,0.000628122,1049870.8336916035,84953.904429686,7516932.588
SE,Sweden,410340,9592552,416842238409.309,,45.130054225033604,88.0549900297472,4542.6835999999985,,0.0,605510.46804496,
SG,Singapore,700,5399200,425155294444.368,,17.503444544784323,103.2692587507344,1383.0524000000003,,,650617.63792,
SH,Saint Helena,,,,,0.011502237286289919,,,,,,
SI,Slovenia,20140,2060484,57426464707.5195,,15.47710400578464,20.91405133500544,667.0858000000004,,0.0,26870.483376240005,1236.2903999999999
SJ,Svalbard,,,,,,,,,,,
SK,Slovakia,48088,5414095,136991467180.791,,33.95499652519392,50.0593148244576,3264.5442999999996,,2432.397796541685,0.0,3248.4570000000003
SL,Sierra Leone,71620,6092075,11736507129.1884,,0.728364504360432,,29.774800000000003,,15048.417268062505,308082.02022125,3150211.9825
SM,San Marino,60,31448,,,,,,,,0.0,
SN,Senegal,192530,14133280,32062415717.315,,7.45252730888416,9.10501807711552,150.086,,84470.39083094947,2087666.3619840003,4184864.208
SO,Somalia,627340,10495583,,,0.636457129843232,,,,483184.0357973014,225797.56451714,
SR,Suriname,156000,539276,8750391704.42308,,2.431653059656848,,98.33190000000002,,1832.6508992421586,367886.267698,83803.4904
SS,South Sudan,,11296173,26320215208.3871,0.0,,,,0.001465618,,,
ST,Sao Tome and Principe,960,192993,573254956.968346,,0.103520135576536,,2.313400000000001,,,21410.7399165,54385.4274
SV,El Salvador,20720,6340454,49216153900.4885,,6.293156353648,9.45453515188624,179.09189999999998,,22866.023355755693,109298.39457004002,568738.7238
SX,Sint Maarten,34,39689,,,,,,,,,
SY,Syria,183630,22845550,,20.30787727156416,64.240840520856,,1383.3578,0.6038218624367601,116003.35970293642,69682.7655524,390658.905
SZ,Swaziland,17200,1249514,8351124657.57339,,1.026689750018368,,27.9039,,115287.48763954765,0.0,507677.5382
TC,Turks and Caicos Islands,950,33098,,,0.16118098256612642,,,,,17632.194936199998,
TD,Chad,1259200,12825314,26686142691.5055,2.500437697840582,0.490762124215232,,10.1789,0.000628122,348161.23542965594,0.0,7943999.491599999
TF,French Southern and Antarctic Lands,,,,,,,,,,,
TG,Togo,54390,6816982,9476830240.80805,,1.733325586022576,4.417443643800641,35.813500000000005,,34662.84589325961,417079.79670554004,1923752.3203999999
TH,Thailand,510890,67010502,964281898731.379,120.14096203361623,327.02200245216164,289.2401713003008,4874.157999999999,1240.2244411467973,2513630.2402187176,9232130.6752428,254639.90760000004
TJ,Tajikistan,139960,8207834,20615069488.0098,,2.790140463719296,,322.1359,,441424.3605662482,0.0,538433.9104
TK,Tokelau,,,,,,,,,,,
TL,Timor-Leste,14870,1178252,2641508642.93973,,0.2138058172504352,,,,295.98139474713577,51768.104042720006,
TM,Turkmenistan,469930,5240072,73364865304.5324,117.831014284234,54.0266165737264,,2028.1755999999991,36.968336442543986,24.910164144498157,295335.85519416,1300585.8704000001
TN,Tunisia,155360,10886500,120754667090.089,1.3588813534274036,26.97811683724528,27.84511756449584,658.2871,0.0001779679049918949,10717.79587959326,1037100.1363349999,115396.90000000001
TO,Tonga,720,105323,558518373.045014,,0.1838730028351984,,3.9172000000000002,,,32977.3474964,
TR,Turkey,769630,74932641,1421881014076.65,154.62813168000002,325.114942063632,364.31091874382884,6956.7147,8702.0,102330.31306159198,1785962.5494278402,1004097.3894000001
TT,Trinidad and Tobago,5130,1341151,40822710088.2286,84.53920086936199,48.918791857264004,,1068.8477999999998,0.7448275567997065,10.967254237781827,100022.29053544,55791.8816
TV,Tuvalu,30,9876,35920362.8707736,,,,,,,9875.9960496,
TW,Taiwan,,,,,264.5009009134032,248.0813391715328,6574.1014000000005,,,,
TZ,Tanzania,885800,49253126,84865305661.555,,7.27303889266592,12.24882861794064,138.67729999999995,,736759.5709161172,636691.21955192,33428096.616200004
UA,Ukraine,579320,45489600,399755003412.999,207.375419657385,301.744021645472,261.5805291494576,26594.401799999996,33875.76218557576,122475.90514281296,940205.891664,9097.92
UG,Uganda,199810,37578876,52987300779.8077,,4.00236339065808,5.80186577931584,66.49229999999997,,319872.69646664517,0.0,14283730.7676
UM,US Minor Outlying Islands,,,,,,,,,,,
US,United States,9147420,316128839,16800000000000,3411.382551551551,5233.16377978336,5540.67779297456,361299.98259999993,237335.18723711296,677007.9993003857,12969609.23261926,
UY,Uruguay,175020,3407062,66742909655.7093,,6.7065005268664,10.02795547218192,313.7181,,9019.957020263471,160368.05746722,6814.124000000001
UZ,Uzbekistan,425400,30241100,156256441617.406,110.02655121180001,103.0285573699232,,6454.1143999999995,2.2968698956299622,37406.426644711944,154.635747973,
VA,Vatican City,,,,,,,,,,,
VC,Saint Vincent and the Grenadines,390,109373,1166277039.9927,,0.2088026365058768,,4.6763,,10.10228082498928,24015.8170956,
VE,Venezuela,882050,30405207,553189922473.114,116.04251645916406,220.882737501688,171.2865929831712,5656.809499999999,503.2029373560019,47190.15959322137,1118741.3484408,2015865.2241
VG,British Virgin Islands,,,,,0.1172225327751648,,,,,,
VI,US Virgin Islands,350,104737,,,,,,,,22979.0359575,
VN,Vietnam,310070,89708900,474845425689.814,113.0054176893357,169.24503290565602,159.7852304793728,2203.0774,152.6552038586399,1434769.7706322796,38405196.44099,15115949.650000002
VU,Vanuatu,12190,252763,756020634.817065,,0.136835723040088,,3.4322999999999997,,267.18032345229705,27401.9357248,
WF,Wallis and Futuna Islands,,,,,0.03420893076004032,,,,,,
WS,Samoa,2830,190372,962089402.901038,,0.1881491191800752,,5.1405,,0.0,29787.297430800005,
XK,Kosovo,10887,1824000,15941036695.5049,,,,,,,,
YE,Yemen,527970,24407381,96612318512.4204,22.317635110281483,23.523872252713122,,463.5313999999999,1.013399551774635,24263.54794874185,450143.13111871,4278613.8893
YT,Mayotte,,,,,,,,,,,
ZA,South Africa,1213090,52981991,662470478185.978,511.13865132000006,447.809638473552,336.49352548023364,14479.563600000001,30156.0,956669.6182464748,262813.139724184,7295620.1607
ZM,Zambia,743390,14538640,46241613694.0242,,2.5468585082559203,6.705031081571681,190.82310000000004,,610575.8830052982,0.0,10824017.48
ZW,Zimbabwe,386850,14149648,24054637718.9446,5.20476145992,9.04416379199824,10.27540433894576,666.1325999999998,502.0,,0.0,
