Natural Gas: Production *,,,,,,,,,,,,,,,,,,,,,,,,,,,,,,,,,,,,,,,,,,,,,Change,2013.0
,,,,,,,,,,,,,,,,,,,,,,,,,,,,,,,,,,,,,,,,,,,,,2013 over,share
Million tonnes oil equivalent,1970.0,1971.0,1972.0,1973.0,1974.0,1975.0,1976.0,1977.0,1978.0,1979.0,1980.0,1981.0,1982.0,1983.0,1984.0,1985.0,1986.0,1987.0,1988.0,1989.0,1990.0,1991.0,1992.0,1993.0,1994.0,1995.0,1996.0,1997.0,1998.0,1999.0,2000.0,2001.0,2002.0,2003.0,2004.0,2005.0,2006.0,2007.0,2008.0,2009.0,2010.0,2011.0,2012.0,2013.0,2012.0,of total
,,,,,,,,,,,,,,,,,,,,,,,,,,,,,,,,,,,,,,,,,,,,,,
US,545.974016023,561.446555756,559.632186276,559.102995177,534.483009317,494.919674822,490.887742644,493.029706614,491.013740525,505.906690007,501.67316122,496.406449813,461.631034779,418.136566412,453.793966609,427.888802367,416.826188454,431.81993624,443.487339979,449.736834855,461.807431812,459.363072929,463.042211042,468.308922449,487.561398598,480.858311352,487.460600293,488.720579099,494.239286267,487.385001565,495.474065497,508.174651857,489.854560024,494.750938461,480.663115436,467.603712311,479.33892811,498.604079646,521.706824228,532.705179222,549.495984379,589.814222575,620.791355901,627.189578674,0.0130745219067,0.206226890364
Canada,51.039,55.8,63.0,67.5,66.1,67.518,68.112,71.55,69.048,72.81,67.302,65.034,68.265,64.206,70.371,76.07592,71.3529,77.34474,89.31681,94.89177,97.74594,102.87738,113.35248,124.78491,135.06831,143.80524,149.11704,151.72677,156.09348,159.12297,163.96731,167.8266,169.08003,166.18779,165.34035,168.40287,169.56009,164.44404,158.90238,147.59145,143.93556,143.74467,140.44455,139.3461,-0.00510293804109,0.0458185433311
Mexico,10.1226473679,10.0201347091,10.4388315659,11.3502675074,11.9034823732,12.0889700965,11.8782124773,12.586318907,15.7573803382,19.1413728862,23.1366676221,24.9074949842,26.6190169103,26.8034537117,26.3685392185,25.6188497182,22.7790914302,23.1512133372,23.4579870068,22.515190599,24.4079249069,24.749187924,23.9628594631,25.6587369829,27.3361517149,26.9929301615,29.4286806153,31.1056176555,33.687541798,33.8232062673,34.5474237604,34.7430843126,35.7545083357,37.5171514044,39.0612685822,47.0614939811,51.597427773,48.2931935607,48.0295392424,53.4451175361,51.8110937709,52.4298154199,51.2031585698,50.9798384605,-0.00163367495406,0.016762736363
Total North America,607.135663391,627.266690465,633.071017841,637.953262685,612.48649169,574.526644919,570.877955122,577.166025521,575.819120863,597.858062893,592.111828842,586.347944797,556.51505169,509.146020123,550.533505827,529.583572085,510.958179884,532.315889577,556.262136986,567.143795454,583.961296719,586.989640853,600.357550505,618.752569432,649.965860313,651.656481514,666.006320909,671.552966754,684.020308065,680.331177832,693.988799257,710.744336169,694.68909836,698.455879865,685.064734018,683.068076292,700.496445883,711.341313207,728.638743471,733.741746758,745.24263815,785.988707995,812.43906447,817.515517135,0.00900525506586,0.268808170058
,,,,,,,,,,,,,,,,,,,,,,,,,,,,,,,,,,,,,,,,,,,,,,
Argentina,5.418,5.855,5.566,6.061,6.523,6.923,6.601,6.813,7.029,6.507,7.556,7.862,8.811,11.826,12.132,12.501,13.959,13.635,16.164,17.091,16.056,17.937,18.081,19.368,20.043,22.509,26.037,24.642,26.631,31.113,33.669,33.426,32.499,36.936,40.392,41.067,41.49,40.347,39.654,37.283460057,36.089158248,34.90558776,33.955736895,31.979505069,-0.0556199587882,0.0105152159889
Bolivia,0.036,0.036,0.96,1.48,1.549,1.527,1.574,1.661,1.637,1.79,2.195,2.341,2.428,2.331,2.242,2.222,2.263,2.367,2.502,2.639,2.697,2.681,2.6404259442,2.63442011022,2.84066161135,2.83837329839,2.8663009616,2.41595898218,2.53730812443,2.03059933132,2.90730939545,4.24082753507,4.41732249676,5.72764123583,8.7855080663,10.7104882089,11.6071108519,12.4324823254,12.8632012374,11.0813213157,12.7907020594,14.411295,16.450236,18.76392,0.143772527575,0.00616978502865
Brazil,0.07092,0.1125855,0.1533645,0.175527,0.3377565,0.3678975,0.423747,0.5274675,0.6941295,0.760617,0.8891595,0.79785,1.140039,1.5416235,1.794276,2.2508235,2.6213805,2.9281095,2.946726,3.021192,2.750633973,2.859545817,3.2393587635,3.7946978235,4.1442270435,4.573871928,4.9982137695,5.440611843,5.6991569085,6.6918454245,6.74185574758,6.88534188765,8.31839168401,9.03679381552,9.93894755274,9.83021943372,10.0374940798,10.1068070327,12.5713352596,10.7357269589,13.134912354,15.064337052,17.343085302,19.1899563718,0.109521821141,0.00630987051339
Colombia,1.168,1.244,1.505,1.496,1.518,1.461,1.534,1.772,2.256,2.573,2.85,3.055,3.221,3.457,3.493,3.618,3.708,3.769,3.868,3.57,3.715,3.693,3.636,3.815,3.739,3.966,4.234,5.335,5.637,4.663,5.3525913339,5.55649957519,5.60747663551,5.465,5.71501363021,6.0277512258,6.325417953,6.7865938618,8.15239846188,9.45520916611,10.1364508007,9.86218508339,10.7777994902,11.3732883353,0.0581425316632,0.00373966335914
Peru,0.372,0.444,0.427,0.418,0.43,0.531,0.576,0.572,0.598,0.553,0.594,0.682,0.716,0.472,0.637,0.497,0.527,0.524,0.494,0.419,0.401,0.376,0.339,0.357,0.373,0.361,0.366,0.217,0.368,0.37,0.311,0.333,0.398,0.471,0.774,1.36516686629,1.59769333404,2.40797858472,3.05709207803,3.12654480868,6.51424332562,10.1676282934,10.6744626168,10.9743246984,0.0309082288295,0.00360847968994
Trinidad & Tobago,1.644,1.60232158212,1.65612639725,1.59054170249,1.45311693895,1.32070077386,1.48652192605,1.74733447979,2.08600601892,2.277,2.483,2.604,3.187,3.557,3.71,3.706,3.91,4.052,4.561,4.604,4.744,5.13,4.95,5.553,6.363,6.831,7.713,8.37,8.37,10.557,13.9745454545,14.9039082413,17.3320730671,24.3002548853,27.1841291419,29.742693288,36.1154630416,37.9854290569,37.7723194562,39.2599830076,40.2833474936,38.5994477485,38.4533220051,38.552931181,0.0053372150287,0.0126766314081
Venezuela,6.939,6.725,6.684,8.234,8.702,8.464,10.492,11.453,11.557,12.944,13.325,13.397,14.295,14.076,15.57,15.593,17.167,16.728,17.125,17.584,19.769,19.712,19.456,20.996,22.208,24.751,26.758,27.747,29.102,24.669,25.132,26.634,25.574,22.7016,25.5645,24.6771,28.3347,32.5161,29.4858,27.9117,24.6906,24.8418,26.5293,25.60248,-0.0322916992009,0.00841837941114
Other S. & Cent. America,0.637,0.671,0.645,0.498,0.568,0.652,1.014,1.095,1.249,0.804,0.72,0.727,0.768,0.848,0.894,0.924,0.859,0.846,1.131,1.598,2.191,1.9218,2.1201,2.1189,2.2965,2.2107,2.2378,2.3313,2.2128,2.7354,3.0244,3.1758,2.96734987917,2.79889725475,2.83391891516,3.06409919521,3.37826336826,3.48065890623,3.32608706892,3.81945613156,3.24630088993,2.80944610612,2.64862016092,2.28732342094,-0.134043425322,0.000752097312192
Total S. & Cent. America,16.28492,16.6899070821,17.5964908972,19.9530687025,21.080873439,21.2465982739,23.7012689261,25.6408019798,27.1061355189,28.208617,30.6121595,31.46585,34.566039,38.1086235,40.472276,41.3118235,45.0143805,44.8491095,48.791726,50.526192,52.323633973,54.310345817,54.4618847077,58.6370179337,62.0073886549,68.0409452264,75.2103147311,76.4988708252,80.5572650329,82.8298447558,91.1127019315,95.1553772392,97.1136137626,107.437187191,121.188017306,126.484518218,138.886142629,146.063049768,146.882233562,142.673401446,146.885715171,150.661727043,156.83256247,158.723729076,0.0148312700912,0.0521901227114
,,,,,,,,,,,,,,,,,,,,,,,,,,,,,,,,,,,,,,,,,,,,,,
Azerbaijan,n/a,n/a,n/a,n/a,n/a,n/a,n/a,n/a,n/a,n/a,n/a,n/a,n/a,n/a,n/a,11.4597285348,11.076923104,10.1809955,9.692307716,9.040724004,8.063348436,7.004524904,6.434389156,5.538461552,5.212669696,5.375565624,5.13104943616,4.88657515737,4.56060945314,4.88657515737,4.60717598266,4.51695333222,4.18904735585,4.1764355874,4.06875048859,4.66867874444,5.50865159718,8.82252490844,13.3057466389,13.2945068198,13.5795746938,13.3260271819,14.0433394008,14.5435113478,0.0384536162019,0.00478206785029
Denmark,0.0,0.0,0.0,0.0,0.0,0.0,0.0,0.0,0.0,0.0,0.0,0.0,0.0,0.0,0.209,1.01,1.713,2.183,2.156,2.765,2.823,3.547185642,3.6948773223,4.0534878762,4.39197066,4.7555439579,5.7785803416,7.07388129,6.8086616922,6.9798581973,7.3376860311,7.5438993267,7.5441631878,7.1682579126,8.4873938031,9.402398001,9.372759084,8.3009499183,9.081538605,7.58476742418,7.3935072,5.93186432078,5.177799495,4.36008469079,-0.155620038509,0.00143364420915
Germany,9.944,12.418,14.831,16.667,17.494,15.92,16.766,17.006,18.186,18.243,16.67,17.229,15.458,16.53,17.383,15.682,15.021,16.658,15.025,14.16,14.333,13.23,13.426,13.365,14.012,14.456,15.656,15.393,15.037,16.061,15.19,15.334,15.294,15.921,14.732172,14.22414,14.051772,12.871656,11.724048,10.959732,9.564912,8.998668,8.135316,7.398216,-0.0881134718656,0.00243261548309
Italy,10.8181857266,11.0233877902,11.6829965606,12.6184436801,12.595399828,12.0050085985,12.9001504729,11.3165950129,11.3030954428,11.0282459157,10.2627901978,11.5011822872,11.8091788478,10.5889509888,11.2071582115,11.5384565778,12.9300300946,13.2517841788,13.4686801376,13.7672184007,14.0297506449,14.1109845228,14.7335124678,15.6816423044,16.5456792777,16.3466895959,16.3636070507,15.895,15.682,14.418,13.722,12.575,12.064,11.455,10.693,9.959,9.058,8.00745889021,7.6351935,6.61073570791,6.9348201198,6.97055901478,7.09872795774,6.38129490615,-0.0986021831632,0.00209824054757
Kazakhstan,n/a,n/a,n/a,n/a,n/a,n/a,n/a,n/a,n/a,n/a,n/a,n/a,n/a,n/a,n/a,4.4470588344,4.723981912,5.131221732,5.782805444,5.457013588,5.782805444,6.434389156,6.597285084,5.457013588,3.66515838,4.805429876,3.53046706745,5.14588562344,4.11500688789,5.5481066199,6.94055730203,7.7234392044,7.65106128567,10.0118525132,11.0701710678,11.4210407519,11.7292398477,13.5832398522,15.237448001,14.7684706243,14.3308507138,15.7235294502,16.540778321,16.631185561,0.00822041928768,0.00546851828845
Netherlands,24.0119088564,33.183061049,44.2350100315,53.7841358555,63.7649075666,69.0678776154,73.803887217,74.0473022356,67.7835232158,71.0892805962,68.7375286615,63.8268952422,54.565029378,58.1149577243,58.8338635712,61.602898395,56.3089997134,56.4269274864,49.804829464,54.4425659215,54.9293959587,62.0617583835,62.4707258527,63.7240864144,60.1945686443,61.0125035827,69.0557824592,61.1092648323,58.2873137002,54.2029306392,52.2964316423,56.184268415,54.2664302092,52.246539123,61.6089459731,56.2885891373,55.4109343651,54.4917024936,59.9655106525,56.4382583357,63.4572465845,57.7768223942,57.4663227286,61.8133180472,0.0785911902785,0.020324904618
Norway,0.0,0.0,0.0,0.0,0.0,0.0,0.0,2.39,12.781,18.603,22.579,22.456,21.564,21.252,23.367,23.567,23.481,25.336,25.497,25.864,22.931,22.524,23.251,22.324,24.158,25.033,33.666,38.655,39.771,43.631,44.773,48.506,58.951,65.812,71.2609839,77.2583382,79.8014664,81.2789046,90.0992772,93.9504159,96.5252529,91.1396826,103.2542766,97.8712533,-0.0495367646217,0.0321811536899
Poland,4.402,4.54,4.803,4.87,4.715,4.851,5.283,5.56,5.964,5.348,4.543,4.037,3.724,3.638,3.996,4.134,3.752,3.769,3.74,3.463,2.377,2.658,2.537,3.271,3.068,3.138,3.243,3.204,3.248,3.102,3.306,3.491,3.568,3.611,3.92558039553,3.88435081685,3.88035253654,3.89669914875,3.68985860323,3.67989872934,3.69296359989,3.84983758479,3.82750549346,3.76322960495,-0.0140994368121,0.0012373916365
Romania,21.0,22.442,22.956,24.304,25.084,27.248,29.722,31.476,31.691,30.281,31.267,32.91,33.275,33.02,32.784,31.336,31.712,30.139,29.515,26.458,25.502,22.014,19.604,18.532,16.812,16.239,15.524,13.469,12.629,12.624,12.375,12.211,11.904,11.726,11.513,11.16,10.7478,10.3707,10.27989,10.1268,9.7695,9.8109,9.8415,9.8739,0.00604092655703,0.00324664784301
Russian Federation,n/a,n/a,n/a,n/a,n/a,n/a,n/a,n/a,n/a,n/a,n/a,n/a,n/a,n/a,n/a,376.305883273,409.68325892,443.321268052,480.380091672,501.556562312,531.073178974,523.742414234,524.556943649,503.623537668,494.663714097,479.350561083,489.206367012,463.711596304,479.432014025,482.201414038,475.685178713,473.648855174,484.970814051,505.415502383,516.004384785,522.113355402,535.671197525,532.865143688,541.580608435,474.917892003,530.007448687,546.341125605,533.079364925,544.276049177,0.0238010548055,0.178964002174
Turkmenistan,n/a,n/a,n/a,n/a,n/a,n/a,n/a,n/a,n/a,n/a,n/a,n/a,n/a,n/a,n/a,67.7565612516,68.986425508,71.755656284,71.918552212,73.221719636,71.511312392,68.660633652,48.950226364,53.185520492,29.0769169417,26.307692372,28.6694598104,14.0902556272,10.8325388545,18.5703437857,38.2805974058,41.7827884605,43.574629692,48.124344009,47.484163012,51.31221732,54.325791988,58.886877972,59.45701372,32.742081528,38.117647152,53.5935747916,56.0588792321,56.1149381113,0.00374246574938,0.0184512140876
Ukraine,n/a,n/a,n/a,n/a,n/a,n/a,n/a,n/a,n/a,n/a,n/a,n/a,n/a,n/a,n/a,34.9248869632,32.334841708,28.995475184,26.389140336,25.085972912,22.886877884,19.873303216,17.10407244,15.638009088,14.823529448,14.8236784571,14.9866613145,15.2088224625,14.6354720693,14.7518883971,14.565622279,14.9051698898,15.312217232,15.800905016,16.533936692,16.69683262,16.859728548,16.859728548,17.10407244,17.348416332,16.6642534344,16.789683299,16.728597326,17.348416332,0.0398926995695,0.0057043517216
United Kingdom,9.415,15.646,22.576,24.512,29.562,30.783,32.599,34.061,32.617,32.936,31.311,31.241,31.753,32.741,32.007,35.711,37.545,39.307,37.853,37.069,40.932,45.574,46.345,54.488,58.172,63.726,75.762,77.298,81.144999,89.1767196,97.5370032,95.2432542,93.2447862,92.6424594,86.7225978,79.3529568,71.9652816,64.8683208,62.6668326,53.712891,51.4209222,40.714722,34.9920756,32.8293648,-0.0592353354082,0.0107946592952
Uzbekistan,n/a,n/a,n/a,n/a,n/a,n/a,n/a,n/a,n/a,n/a,n/a,n/a,n/a,n/a,n/a,28.1728507476,31.438914104,32.416289672,32.497737636,33.475113204,33.230769312,34.1119548345,34.8621720309,36.6797647955,38.4279638948,39.5495023591,39.8907693283,41.7371946722,44.6253394756,45.2695928708,45.9488688906,46.762534051,46.7291403857,46.8219910647,48.7588236486,48.613031793,49.031674328,53.185520492,55.954751268,54.000000132,53.674208276,51.31221732,51.230769356,49.68325804,-0.0275497101247,0.0163364063389
Other Europe & Eurasia,174.121585066,186.503373214,194.476302184,207.56266103,227.581288423,251.00613812,276.962070909,298.63628976,321.006863333,348.236417485,371.2654714,394.879827051,424.221138035,452.070220362,494.556111817,17.3047704811,15.9704249907,16.0427577508,15.5649747896,15.9810886316,14.6877818572,14.8619932001,14.5641805102,14.8228426111,14.2028284253,14.2991683303,13.0657634011,11.9027670579,11.0332184386,10.2847503833,10.0340449248,9.85794795936,10.0610450268,9.54971755139,9.90774808877,9.5963577844,9.42270890331,9.60702382688,9.19700764674,9.1441484834,9.10286663033,8.53328997181,7.82422257976,6.72352665623,-0.138323679566,0.00221077014309
Total Europe & Eurasia,253.712679648,285.755822054,315.560308776,344.318240566,380.796595818,410.881024334,448.036108599,474.493187009,501.332481992,535.764943996,556.635790259,578.08090458,596.369346261,627.955129075,674.3431336,724.953095058,756.677800055,794.91437584,819.285119407,841.80697861,865.093220903,860.409141745,839.131384877,830.38436639,797.426999464,789.218335238,829.529507221,788.780243026,801.842173596,821.708179688,842.599166371,850.286110013,869.324334626,900.48300456,922.771651655,925.951287371,936.837358723,937.896451139,966.978797311,859.27901502,924.235974191,930.812503534,925.299475015,929.611546575,0.00741268388724,0.305666587926
,,,,,,,,,,,,,,,,,,,,,,,,,,,,,,,,,,,,,,,,,,,,,,
Bahrain,0.559,0.815,1.017,1.442,1.778,1.871,1.961,2.127,2.337,2.591,2.103,1.95,3.079,3.227,3.325,4.059,4.647,4.515,4.796,4.989,5.225,4.981,5.82,6.234,6.382,6.488,6.681,7.173,7.542,7.804,7.889,8.215,8.512,8.665,8.782,9.63879649924,10.1967225736,10.6092249446,11.3850741552,11.4948989058,11.7745162746,11.9596540203,12.3649147816,14.1995357426,0.151519343257,0.00466896485589
Iran,3.33076596689,8.05607173213,10.8633043717,12.0045676321,12.4561231509,12.9762492188,13.220103106,13.4246279055,8.40960759849,8.10006184734,4.32171907326,4.69585654341,6.43111935726,7.34989930827,8.55583313364,9.23006275167,8.86704842535,10.8550452653,11.7847759612,14.88105,23.55345,27.82395,29.44836,15.73515,24.995565,30.36654,35.713548,37.524555,42.3765,50.48388,53.682318,59.6556,70.939575,74.408535,86.750784,92.09169,100.31715,112.47066,119.16189,129.77973,137.13093,143.87616,149.06943,149.897664855,0.00831098202616,0.0492880148952
Iraq,0.706,0.833,0.842,0.819,0.752,1.169,1.622,1.06,1.099,1.576,1.153,0.558,0.612,0.423,0.531,0.765,1.395,3.375,5.04,5.805,3.582,1.566,2.043,2.295,2.853,2.853,2.916,2.745,2.655,2.862,2.835,2.484,2.124,1.404,0.9,1.305,1.305,1.314,1.6974,1.035,1.1727,0.792,0.585,0.558,-0.0435405671596,0.000183476589433
Kuwait,1.833,1.894,2.238,2.507,2.638,2.891,3.478,3.792,4.249,5.626,3.664,4.216,3.308,3.632,3.938,3.78,5.157,4.302,6.156,7.344,3.771,0.45,2.358,4.878,5.373,8.35,8.372,8.343,8.542,7.776,8.64,9.45,8.514,9.918,10.71,10.98,11.25,10.89,11.475,10.3401,10.557,12.177,13.968,14.031,0.00726239243522,0.00461354843428
Oman,0.0,0.0,0.0,0.0,0.0,0.0,0.0,0.0,0.289,0.486,0.617,0.727,0.796,0.988,1.242,1.581,1.849,2.071,2.084,2.163,2.337,2.37,2.59,2.486,2.603,3.646,3.942,4.484,4.656,4.907,7.803,12.573,13.5,14.85,16.65,17.811,21.33,21.636,21.6504,22.2885,24.3954,23.868,27.018,27.8400310816,0.0332483947277,0.00915411102607
Qatar,0.905,0.905,0.993,1.422,1.168,1.803,0.985,1.396,1.331,3.926,4.267,3.891,4.55,4.712,5.337,4.914,5.22,5.049,5.274,5.58,5.67,6.867,11.358,12.15,12.15,12.15,12.33,15.66,17.622,19.845,21.33,24.3,26.55,28.26,35.253,41.22,45.63,56.88,69.2766,80.361,105.03,130.74426,135.72,142.658205239,0.054001249373,0.0469076002722
Saudi Arabia,1.455,1.214,1.376,1.62,2.05,2.439,2.633,3.705,5.109,6.273,8.752,10.204,10.815,10.561,16.38,16.92,22.68,24.12,26.19,26.82,30.168,31.653,34.425,36.036,38.493,38.637,39.969,40.806,42.138,41.58,44.829,48.321,51.03,54.054,59.112,64.116,66.15,66.978,72.396,70.605,78.894,83.034,89.397,92.709,0.0398894511163,0.0304837475443
Syria,0.0,0.0,0.0,0.0,0.0,0.0,0.027,0.03,0.029,0.03,0.04,0.041,0.042,0.064,0.109,0.129,0.326,0.321,0.759,1.243,1.369,1.597,1.652,1.635,1.773,2.235,2.382,3.694,4.78,4.893,4.942,4.529,5.509,5.55,5.752,4.942,5.064,5.023,4.78,5.014971,7.242947,6.376062,4.75026947093,4.0169290471,-0.152061924338,0.00132081082716
United Arab Emirates,0.75,1.324,1.344,1.562,1.564,1.494,1.746,3.51,5.139,5.499,6.768,7.974,8.55,7.524,9.9,11.907,13.698,15.201,15.624,18.342,18.099,21.429,19.953,20.691,24.174,28.188,30.42,32.679,33.363,34.641,34.542,40.446,39.051,40.311,41.661,43.011,44.136,45.306,45.2115,43.938,46.152,47.0772,48.879,50.355,0.0330194756389,0.0165572825464
Yemen,0.0,0.0,0.0,0.0,0.0,0.0,0.0,0.0,0.0,0.0,0.0,0.0,0.0,0.0,0.0,0.0,0.0,0.0,0.0,0.0,0.0,0.0,0.0,0.0,0.0,0.0,0.0,0.0,0.0,0.0,0.0,0.0,0.0,0.0,0.0,0.0,0.0,0.0,0.0,0.6979510449,5.616,8.46,6.831,9.297,0.364730089903,0.00305695672393
Other Middle East,0.121130989245,0.113383499085,0.11208375567,0.048651179985,0.059456889945,0.05433437178,0.05234652891,0.052015221765,0.05117421132,0.03644378595,0.00173299122,0.00183493188,0.040852719495,0.057876809715,0.050537082195,0.04755531789,0.035653745835,0.04062335301,0.037284796395,0.112226576595,0.15461376173,0.147644154555,0.158076231455,0.17899977596,0.245394210565,0.245605341355,0.234195236905,0.248947634725,0.22165279897,0.23458242204,0.23761398577,0.23202174841,0.23405331214,0.237314242355,1.33864232013,1.71417457557,2.30864271786,2.67849561551,3.27639805407,2.73097456326,3.04790453901,3.9986900325,2.36439276088,5.85963816641,1.4850744009,0.00192671402524
Total Middle East,9.65989695614,15.1544552312,18.7853881274,21.4252188121,22.4655800409,24.6975835906,25.7244496349,29.0966431273,28.0427818098,34.1435056333,31.6874520645,34.2586914753,38.2239720768,38.538776118,49.3683702158,53.3326180696,63.8747021712,69.8496686183,77.7450607576,87.2792765766,93.9290637617,98.8845941546,109.805436231,102.319149776,119.041959211,133.159145341,142.959743237,153.357502635,163.896152799,175.026462422,186.729931986,210.205621748,225.963628312,237.657849242,266.90942632,286.829661075,307.687515291,333.78538056,360.310262209,378.286125514,431.013397814,472.363026053,490.947007013,511.422004132,0.0445590913296,0.16816122774
,,,,,,,,,,,,,,,,,,,,,,,,,,,,,,,,,,,,,,,,,,,,,,
Algeria,2.28,2.403,3.045,4.041,4.672,5.753,7.246,6.935,10.755,17.629,12.757,15.189,19.742,28.455,28.318,30.842,32.828,37.049,38.732,41.762,44.343,47.88,49.81,50.487,46.458,52.834,56.109,64.629,68.928,77.407,75.971,70.416,72.33,74.546,73.808,79.398,76.0203,76.3443,77.2371,71.595,72.3708,74.43,73.35,70.74,-0.0329405814409,0.0232600966603
Egypt,0.0765,0.0765,0.0639,0.0513,0.054,0.045,0.342,0.414,0.666,1.008,1.962,2.196,2.403,2.817,3.618,4.437,5.112,5.652,6.228,6.966,7.263,8.172,8.838,10.161,10.89,11.25,11.97,12.24,12.6,15.12,18.9,22.68,24.57,27.09,29.7,38.25,49.23,50.121,53.073,56.421,55.188,55.30280805,54.79310475,50.4606267,-0.0765466690064,0.016592013777
Libya,0.0,1.303,2.878,3.418,3.148,4.176,4.302,4.545,4.608,6.111,4.653,3.42,3.042,3.105,3.303,4.14,5.04,4.5,4.95,6.12,5.58,5.886,6.093,5.724,5.751,5.706,5.778,5.913,5.724,4.518,5.292,5.562,5.31,4.95,7.254,10.17,11.871,13.752,14.31,14.31,15.129,7.0695,10.98,10.7833714749,-0.0152172166854,0.00354569215199
Nigeria,0.1,0.185,0.248,0.38,0.355,0.318,0.59,0.777,0.941,1.24,1.499,2.208,2.3,2.607,2.508,2.376,2.771,2.744,3.299,3.82,3.637,3.548,3.84,4.376,3.997,4.35,4.893,4.71277651657,5.70096856415,4.10941562447,10.6147554036,14.4581138488,16.2382655735,20.2969452846,21.9949844605,22.5463493373,26.6376316784,33.1694972039,32.5507115116,23.3978001902,33.5890764756,36.5219174747,38.9579398292,32.462218904,-0.164453849196,0.0106739376522
Other Africa,0.103,0.107173,0.1487619997,0.280474,0.4000919997,0.410355,0.382383,0.448314,0.524274,0.575224,0.767487,0.817239,0.854103,0.8818,0.895714,0.924782,0.953268,0.932977,1.079331,1.058784,1.091281,1.043701,2.095702,2.627544,2.687135,2.596003,3.49299,4.311788,5.050302,5.845237,5.841744,6.243086,5.985702,6.51738247,7.9909282325,8.920941644,9.3688740063,11.1002956619,14.2094253169,14.6785810708,16.5602387187,16.76922381,16.615723021,19.4125676907,0.171526074409,0.00638306758427
Total Africa,2.5595,4.074673,6.3836619997,8.170774,8.6290919997,10.702355,12.862383,13.119314,17.494274,26.563224,21.638487,23.830239,28.341103,37.8658,38.642714,42.719782,46.704268,50.877977,54.288331,59.726784,61.914281,66.529701,70.676702,73.375544,69.783135,76.736003,82.24299,91.8065645166,98.0032705641,106.999652624,116.619499404,119.359199849,124.433967573,133.400327755,140.747912693,159.285290981,173.127805685,184.487092866,191.380236828,180.402381261,192.837115194,190.093449335,194.6967676,183.85878477,-0.0530787445605,0.0604548078258
,,,,,,,,,,,,,,,,,,,,,,,,,,,,,,,,,,,,,,,,,,,,,,
Australia,1.566,2.337,3.355,4.26,4.86,5.219,6.161,7.038,7.577,8.722,10.015,10.855,10.587,11.5,11.341,12.123,13.243,13.52,13.846,16.025,18.653,19.527,21.117,22.067,25.332,26.784,26.818,26.822,27.325,27.679,28.049,29.2335111,29.3461929,29.8617903,31.7315664,33.4159389,34.9975764,35.9601183,34.430625,38.1106782,40.7060613,40.443462,39.0255687,38.5665759,-0.00905383192003,0.0126811179431
Bangladesh,0.0,0.378,0.378,0.523,0.575,0.578,0.761,0.849,0.937,1.078,1.214,1.462,1.738,1.964,2.294,2.554,2.909,3.446,3.841,4.244,4.284,4.761,5.162,5.533,5.959,6.643,6.812,6.821,6.997,7.457,8.984,9.656,10.304,11.092,11.5389181571,12.4021006956,13.5800250219,14.3405023455,15.3130162419,16.656339289,17.916070995,18.0664334685,18.9500041391,19.6908694106,0.0419426225126,0.00647457627673
Brunei,0.197,0.195,0.401,1.751,3.801,4.984,6.574,7.544,7.394,7.746,7.775,7.528,7.519,7.842,7.935,7.736,7.756,7.738,8.04,7.879,8.033,8.154,8.777,9.293,9.352,10.585,10.493,10.501,9.694,10.105,10.168,10.257,10.313,11.119,11.009374344,10.80871614,11.3133476174,11.0285801872,10.9384590942,10.272562407,11.054167108,11.518884,11.308870539,10.985828031,-0.0259039439261,0.0036122621133
China,2.583,3.366,4.356,5.382,6.777,7.965,9.09,10.908,12.357,13.059,12.843,11.466,10.737,10.989,11.187,11.637,12.384,12.501,12.834,13.5441,13.7682,13.941,14.211,15.0885,15.8031,16.1523,18.1026,20.4327,20.9511,22.6782,24.48,27.2961,29.3949,31.5135,37.314,44.388,52.6977,62.316,72.27,76.7421,85.3632,92.4201,96.4377,105.345,0.0953560322523,0.034638604505
India,0.59175268389,0.627075,0.687825,0.686025,0.776475,0.99405,1.207575,1.2897,1.44045,1.79145,1.059525,1.849725,2.42505,2.8854,3.304575,4.042125,5.647815,6.505902,7.621236,9.061209,10.83996,12.072438,13.497372,13.714677,14.827248,16.903944,18.450441,20.059605,22.014117,22.556916,23.715765,23.776596,24.8301,26.580996,26.310636,26.6607,26.3565,27.0837,27.4833,35.323353,45.756315,41.507712,36.312552,30.30777,-0.163077130914,0.00996553095504
Indonesia,1.115,1.128,1.106,0.72,1.014,2.097,2.115,5.094,9.792,14.202,16.659,16.893,17.172,19.593,26.415,29.07,30.249,32.319,35.298,37.134,39.4934427346,43.3677739734,45.9585958473,47.7466095385,54.4019329524,54.6476714642,57.5811838398,59.1153493339,58.1289288456,63.0344344084,58.6686083064,56.9600828448,62.6910848093,65.9037701944,63.2691393219,64.0796949947,63.2258909968,60.8656413366,62.7008655059,64.7411114819,73.8111033093,68.285164157,63.9599259327,63.3621734519,-0.00663161324337,0.0208341854552
Malaysia,0.0,0.0,0.0,0.0,0.0,0.0,0.0,0.0,0.0,0.0,0.0,0.0,0.0,0.214,6.775,9.234,12.559,14.031,14.796,15.744,16.044,18.334,20.505,22.437,23.517,25.992,30.279,34.768,34.621,36.759,40.733,42.246,43.499,46.627,48.4886610878,54.9759608089,56.970302396,58.13242592,58.2187441738,57.0260129666,58.7991688067,58.7286625686,59.8142837049,62.1461533657,0.0418316982686,0.0204343445626
Myanmar,0.00675,0.01305,0.01395,0.016875,0.150975,0.162,0.225,0.207,0.243,0.243,0.315,0.378,0.405,0.54,0.576,0.828,0.963,1.071,0.936,0.981,0.765,0.774,0.783,0.99,1.287,1.476,1.44,1.359,1.584,1.548,3.06,6.3,7.56,8.64,9.18,10.98,11.34,12.168,11.16,10.3991196376,11.1827884613,11.4962050205,11.4605512747,11.7810155014,0.0307787097991,0.00387372857392
Pakistan,3.137,3.128,2.899,3.302,3.653,4.104,4.185,4.572,4.698,5.292,6.462,7.047,7.686,7.578,7.776,7.938,8.514,9.117,9.666,10.305,11.007,11.889,11.664,13.428,13.689,14.04,15.255,15.21,16.02,18.27,19.35,20.43,22.149,27.396,31.014,31.95,32.508,33.12,33.75,34.569,35.667,35.238996,37.1025,34.6952225036,-0.0623198449612,0.0114081740046
Thailand,0.0,0.0,0.0,0.0,0.0,0.0,0.0,0.0,0.0,0.0,0.0,0.2370120345,1.207996821,1.422072207,2.1229142445,2.7906255675,3.25572982875,4.54871967502,5.64318008595,5.38590734528,5.86961577698,7.27423064595,7.76053856448,8.73465802627,9.65556446355,10.2229916623,11.8180316841,14.5484612919,15.794940712,17.3018785185,18.2167449717,17.6739619275,18.4739412569,19.3204310123,20.1288969016,21.3203793357,21.8878065344,23.3947443409,25.9119905434,27.8132348228,32.659621225,33.3107671907,37.2543161377,37.5990284794,0.0120180267841,0.012362977619
Vietnam,0.0,0.0,0.0,0.0,0.0,0.0,0.0,0.0,0.0,0.0,0.0,0.009,0.017,0.059,0.051,0.032,0.033,0.033,0.025,0.03,0.036,0.065,0.189,0.225,0.225,0.131,0.258,0.478,0.81,1.17,1.44,1.8,2.16,2.136,3.744,5.796,6.3,6.372,6.7491,7.209,8.4618,7.632,8.4195,8.7759,0.0451860055327,0.0028856132638
Other Asia Pacific,4.94609816323,5.58973016083,6.10607762843,6.32652702907,6.5682581452,6.46177651794,6.88036485424,7.7552656772,7.44028329655,6.63844953632,6.84491961999,6.56764627766,6.97724332109,7.1920397559,7.90037191711,8.62699618248,9.05158876733,9.03455547304,9.42728319696,7.04435753169,6.86641741416,7.026668973,7.24851149535,7.16102487037,6.9662842813,6.74567413544,7.29795649508,7.5747791749,7.08053513553,7.66146723099,8.00495037532,8.4630509878,9.731585338,9.57499932197,9.01225287187,9.94227561289,13.1285836867,15.6395206057,16.4955581181,16.7458267866,16.3739187833,16.5451822858,16.3862064971,16.8728142047,0.0325172618031,0.00554796846669
Total Asia Pacific,14.1426008471,16.7618551608,19.3028526284,22.9674270291,28.1757081452,32.5648265179,37.1989398542,45.2569656772,51.8787332966,58.7718995363,63.18744462,64.2923833122,66.4712901421,71.7785119629,87.6778611616,96.61174675,106.565133596,113.865177148,121.973699283,127.377573877,135.659635926,147.186111592,156.873017907,166.418469435,181.015129697,190.323581262,204.605213019,217.689894801,221.020621693,236.220896158,244.870068653,254.09230286,270.452804304,289.765486829,302.741445084,326.719766488,344.305732653,360.421233036,375.421658677,395.608338592,437.751214989,435.193568691,436.431978925,440.128350848,0.0112324561924,0.144719083739
,,,,,,,,,,,,,,,,,,,,,,,,,,,,,,,,,,,,,,,,,,,,,,
Total World,903.495260843,965.703402992,1010.69972027,1054.78799179,1073.63434113,1074.61903263,1118.40110514,1164.77293731,1201.67352748,1281.31025306,1295.87316229,1318.27601316,1320.48680217,1323.39286078,1441.0378608,1488.51263746,1529.79446421,1606.67219768,1678.34607343,1733.86060052,1792.88113228,1814.30953516,1831.30597623,1849.88711697,1879.24047234,1909.13449158,2000.55408912,1999.68604256,2049.33979175,2103.11621348,2175.9201676,2239.84294788,2281.97744694,2367.19973544,2439.42318708,2508.33860043,2601.34100086,2673.99452057,2769.61193206,2689.99100859,2877.96605551,2965.11298265,3016.64685549,3041.25993254,0.0109211643302,1.0
of which: OECD,681.777342102,721.558938108,750.254829599,771.169331749,762.140239119,729.129908465,736.006199665,748.260531558,752.618633703,782.528281378,774.195143535,764.755871005,724.463666633,681.673455646,728.070218691,715.038021692,694.11325987,721.808194243,736.424400892,754.564338911,774.417824167,789.895361847,807.736691089,837.394147004,875.331982843,885.961482177,931.13574161,935.137962006,947.975048043,952.372797549,973.149210948,995.992248135,985.907220188,992.506629067,990.39724101,983.470803501,995.416612369,998.649674958,1025.86748999,1022.93509179,1042.97240753,1059.17978242,1087.01174582,1088.40724328,0.00402703570748,0.357880374392
                 Non-OECD,221.717918741,244.144464884,260.444890671,283.618660045,311.494102014,345.48912417,382.39490547,416.512405756,449.054893778,498.781971681,521.678018751,553.52014216,596.023135536,641.719405133,712.967642114,773.474615771,835.681204336,884.864003441,941.921672542,979.296261606,1018.46330811,1024.41417331,1023.56928514,1012.49296996,1003.9084895,1023.1730094,1069.41834751,1064.54808055,1101.36474371,1150.74341593,1202.77095665,1243.85069974,1296.07022675,1374.69310638,1449.02594607,1524.86779692,1605.92438849,1675.34484562,1743.74444207,1667.0559168,1834.99364798,1905.93320023,1929.63510968,1952.85268926,0.0148047991097,0.642119625608
                 European Union #,91.5585073087,111.654346518,133.87751648,150.310701634,166.868201634,173.61712783,184.68942462,188.205788048,183.283046862,183.933965893,177.467250931,174.624528088,164.877390513,168.328385927,170.616793064,175.334555317,171.591450272,174.28646489,163.666783032,164.801026799,166.592819862,176.641161566,175.920866288,186.454042906,186.119142916,192.682042098,213.372825542,204.220647099,202.437570192,205.313288671,210.225722342,211.387730062,206.789095197,203.235040036,206.535152992,192.650647743,182.679756633,171.21890076,172.908215009,157.196445595,160.210926065,141.276897058,133.143008841,132.110773362,-0.00503434735351,0.0434394876772
                 Former Soviet Union,161.22217234,172.995475536,180.325792296,192.461538932,212.253394184,235.602896504,261.409683978,281.81239896,303.14443513,331.164978104,354.461539328,378.977376492,407.809955748,436.316743148,478.425340536,523.661539742,558.863349782,592.41991095,627.206336375,648.390951811,673.00440104,660.265980178,638.936518589,620.492323484,586.183856549,570.50129314,581.682681679,545.040595927,558.453603404,571.480891018,586.360444029,589.649379951,602.691239429,630.621964524,644.181514763,655.067301429,673.36153569,684.432845778,702.865665119,607.294913594,666.591569564,697.309127558,687.8973289,698.809403901,0.018646126613,0.229776283318
,,,,,,,,,,,,,,,,,,,,,,,,,,,,,,,,,,,,,,,,,,,,,,Source: Includes data from Cedigaz.
*Excluding gas flared or recycled. Includes natural gas produced for Gas-to-Liquids transformation.,,,,,,,,,,,,,,,,,,,,,,,,,,,,,,,,,,,,,,,,,,,,,,
 ^ Less than 0.05.,,,,,,,,,,,,,,,,,,,,,,,,,,,,,,,,,,,,,,,,,,,,,,
w Less than 0.05%,,,,,,,,,,,,,,,,,,,,,,,,,,,,,,,,,,,,,,,,,,,,,,
" # Excludes Estonia, Latvia and Lithuania prior to 1985 and Slovenia prior to 1991.",,,,,,,,,,,,,,,,,,,,,,,,,,,,,,,,,,,,,,,,,,,,,,
Note: Growth rates are adjusted for leap years.,,,,,,,,,,,,,,,,,,,,,,,,,,,,,,,,,,,,,,,,,,,,,,
