Nuclear: Consumption *,,,,,,,,,,,,,,,,,,,,,,,,,,,,,,,,,,,,,,,,,,,,,,,,,,Change,2013.0
,,,,,,,,,,,,,,,,,,,,,,,,,,,,,,,,,,,,,,,,,,,,,,,,,,2013 over,share
Terawatt-hours,1965.0,1966.0,1967.0,1968.0,1969.0,1970.0,1971.0,1972.0,1973.0,1974.0,1975.0,1976.0,1977.0,1978.0,1979.0,1980.0,1981.0,1982.0,1983.0,1984.0,1985.0,1986.0,1987.0,1988.0,1989.0,1990.0,1991.0,1992.0,1993.0,1994.0,1995.0,1996.0,1997.0,1998.0,1999.0,2000.0,2001.0,2002.0,2003.0,2004.0,2005.0,2006.0,2007.0,2008.0,2009.0,2010.0,2011.0,2012.0,2013.0,2012.0,of total
,,,,,,,,,,,,,,,,,,,,,,,,,,,,,,,,,,,,,,,,,,,,,,,,,,,
US,3.84947368421,5.81052631579,8.05789473684,13.1873684211,14.6610526316,22.9515789474,40.1105263158,56.9378947368,87.8726315789,119.974736842,181.584210526,201.162105263,264.087368421,290.950526316,268.584210526,264.332631579,287.025263158,297.655789474,309.133684211,344.877894737,403.885263158,435.829473684,479.231578947,554.708421053,557.215789474,607.223157895,644.805263158,651.343157895,642.411578947,674.147368421,708.844210526,710.241052632,661.730526316,709.16,766.583157895,793.571578947,809.290526316,821.12,803.929473684,830.029473684,823.143157895,828.651578947,848.868421053,848.64,840.899568421,849.440315789,831.794070526,809.822367368,830.543694737,0.0283973254263,0.333690106869
Canada,0.0,0.0,0.0,0.0,0.0,0.0,3.999557,6.7042298,14.3011784,13.9034324,11.799798,15.9010012,26.7638864,32.9333688,33.1455,35.730849,36.040207,38.3427144,48.6178194,52.2196304,60.5281024,71.2805026,77.273209,82.8814276,79.3168421053,72.46,84.3389473684,80.0221052632,93.2842105263,107.084210526,97.1642105263,92.1221052632,81.9547368421,70.9926315789,72.98,72.2936842105,76.1621052632,75.0,74.3715789474,89.7578947368,91.4,97.2831578947,92.8421052632,93.2976936842,89.7906673684,89.7051463158,94.7729947368,95.7727578947,102.074973684,0.0687238574028,0.0410109758377
Mexico,0.0,0.0,0.0,0.0,0.0,0.0,0.0,0.0,0.0,0.0,0.0,0.0,0.0,0.0,0.0,0.0,0.0,0.0,0.0,0.0,0.0,0.0,0.0,0.0,0.3712296,2.938901,4.242624,3.9200078,4.9320504,4.242624,8.4454734,7.8797902,10.4607198,9.2630624,10.0055216,8.2245034,8.728315,9.7491964,10.5536842105,9.193935357,10.804906045,10.866241099,10.42072502,9.80397628,10.5010789,5.87924063,10.089195026,8.769598816,11.799869613,0.349229097366,0.00474087009206
Total North America,3.84947368421,5.81052631579,8.05789473684,13.1873684211,14.6610526316,22.9515789474,44.1100833158,63.6421245368,102.173809979,133.878169242,193.384008526,217.063106463,290.851254821,323.883895116,301.729710526,300.063480579,323.065470158,335.998503874,357.751503611,397.097525137,464.413365558,507.109976284,556.504787947,637.589848653,636.903861179,682.622058895,733.386834526,735.285270958,740.627839874,785.474202947,814.453894453,810.242948095,754.145982958,789.415693979,849.568679495,874.089766558,894.180946579,905.8691964,888.854736842,928.981303778,925.34806394,936.800977941,952.131251336,951.741669964,941.191314689,945.024702735,936.656260289,914.364724079,944.418538034,0.0356982946396,0.379441946745
,,,,,,,,,,,,,,,,,,,,,,,,,,,,,,,,,,,,,,,,,,,,,,,,,,,
Argentina,0.0,0.0,0.0,0.0,0.0,0.0,0.0,0.0,0.0,1.0253008,2.2892492,2.3467014,1.6175004,2.8637712,2.6604788,2.3113462,2.784222,1.8605674,3.3675828,4.5873372,5.767317,5.7098648,6.4655822,5.7982528,5.038116,7.2787518,7.756047,7.0842982,7.7516276,8.2377616,7.0666206,7.4599472,7.9637588,7.4555278,7.1063952,6.1783212,7.0577818,5.8203498,7.5660128,7.8797902,6.8677476,7.52978947368,7.07442105263,7.19484210526,7.98810526316,7.04378947368,5.8923,6.21526315789,6.03326315789,-0.0266232509166,0.00242400285788
Brazil,0.0,0.0,0.0,0.0,0.0,0.0,0.0,0.0,0.0,0.0,0.0,0.0,0.0,0.0,0.0,0.0,0.0,0.0,0.0,1.6440168,3.380841,0.1414208,0.972268,0.6098772,1.8296316,2.2362164,1.4407244,1.7589212,0.44194,0.0530328,2.519058,2.43067,3.1731292,3.2659366,3.9730406,6.0457392,14.2835008,13.8371414,13.358,11.611,9.855,13.754,12.3498,13.969,12.957,14.523,15.659,16.038,14.64545,-0.0843263193965,0.00588414771482
Chile,0.0,0.0,0.0,0.0,0.0,0.0,0.0,0.0,0.0,0.0,0.0,0.0,0.0,0.0,0.0,0.0,0.0,0.0,0.0,0.0,0.0,0.0,0.0,0.0,0.0,0.0,0.0,0.0,0.0,0.0,0.0,0.0,0.0,0.0,0.0,0.0,0.0,0.0,0.0,0.0,0.0,0.0,0.0,0.0,0.0,0.0,0.0,0.0,0.0,-,-
Colombia,0.0,0.0,0.0,0.0,0.0,0.0,0.0,0.0,0.0,0.0,0.0,0.0,0.0,0.0,0.0,0.0,0.0,0.0,0.0,0.0,0.0,0.0,0.0,0.0,0.0,0.0,0.0,0.0,0.0,0.0,0.0,0.0,0.0,0.0,0.0,0.0,0.0,0.0,0.0,0.0,0.0,0.0,0.0,0.0,0.0,0.0,0.0,0.0,0.0,-,-
Ecuador,0.0,0.0,0.0,0.0,0.0,0.0,0.0,0.0,0.0,0.0,0.0,0.0,0.0,0.0,0.0,0.0,0.0,0.0,0.0,0.0,0.0,0.0,0.0,0.0,0.0,0.0,0.0,0.0,0.0,0.0,0.0,0.0,0.0,0.0,0.0,0.0,0.0,0.0,0.0,0.0,0.0,0.0,0.0,0.0,0.0,0.0,0.0,0.0,0.0,-,-
Peru,0.0,0.0,0.0,0.0,0.0,0.0,0.0,0.0,0.0,0.0,0.0,0.0,0.0,0.0,0.0,0.0,0.0,0.0,0.0,0.0,0.0,0.0,0.0,0.0,0.0,0.0,0.0,0.0,0.0,0.0,0.0,0.0,0.0,0.0,0.0,0.0,0.0,0.0,0.0,0.0,0.0,0.0,0.0,0.0,0.0,0.0,0.0,0.0,0.0,-,-
Trinidad & Tobago,0.0,0.0,0.0,0.0,0.0,0.0,0.0,0.0,0.0,0.0,0.0,0.0,0.0,0.0,0.0,0.0,0.0,0.0,0.0,0.0,0.0,0.0,0.0,0.0,0.0,0.0,0.0,0.0,0.0,0.0,0.0,0.0,0.0,0.0,0.0,0.0,0.0,0.0,0.0,0.0,0.0,0.0,0.0,0.0,0.0,0.0,0.0,0.0,0.0,-,-
Venezuela,0.0,0.0,0.0,0.0,0.0,0.0,0.0,0.0,0.0,0.0,0.0,0.0,0.0,0.0,0.0,0.0,0.0,0.0,0.0,0.0,0.0,0.0,0.0,0.0,0.0,0.0,0.0,0.0,0.0,0.0,0.0,0.0,0.0,0.0,0.0,0.0,0.0,0.0,0.0,0.0,0.0,0.0,0.0,0.0,0.0,0.0,0.0,0.0,0.0,-,-
Other S. & Cent. America,0.0,0.0,0.0,0.0,0.0,0.0,0.0,0.0,0.0,0.0,0.0,0.0,0.0,0.0,0.0,0.0,0.0,0.0,0.0,0.0,0.0,0.0,0.0,0.0,0.0,0.0,0.0,0.0,0.0,0.0,0.0,0.0,0.0,0.0,0.0,0.0,0.0,0.0,0.0,0.0,0.0,0.0,0.0,0.0,0.0,0.0,0.0,0.0,0.0,-,-
Total S. & Cent. America,0.0,0.0,0.0,0.0,0.0,0.0,0.0,0.0,0.0,1.0253008,2.2892492,2.3467014,1.6175004,2.8637712,2.6604788,2.3113462,2.784222,1.8605674,3.3675828,6.231354,9.148158,5.8512856,7.4378502,6.40813,6.8677476,9.5149682,9.1967714,8.8432194,8.1935676,8.2907944,9.5856786,9.8906172,11.136888,10.7214644,11.0794358,12.2240604,21.3412826,19.6574912,20.9240128,19.4907902,16.7227476,21.2837894737,19.4242210526,21.1638421053,20.9451052632,21.5667894737,21.5513,22.2532631579,20.6787131579,-0.0682100430131,0.00830815080553
,,,,,,,,,,,,,,,,,,,,,,,,,,,,,,,,,,,,,,,,,,,,,,,,,,,
Austria,0.0,0.0,0.0,0.0,0.0,0.0,0.0,0.0,0.0,0.0,0.0,0.0,0.0,0.0,0.0,0.0,0.0,0.0,0.0,0.0,0.0,0.0,0.0,0.0,0.0,0.0,0.0,0.0,0.0,0.0,0.0,0.0,0.0,0.0,0.0,0.0,0.0,0.0,0.0,0.0,0.0,0.0,0.0,0.0,0.0,0.0,0.0,0.0,0.0,-,-
Azerbaijan,n/a,n/a,n/a,n/a,n/a,n/a,n/a,n/a,n/a,n/a,n/a,n/a,n/a,n/a,n/a,n/a,n/a,n/a,n/a,n/a,0.0,0.0,0.0,0.0,0.0,0.0,0.0,0.0,0.0,0.0,0.0,0.0,0.0,0.0,0.0,0.0,0.0,0.0,0.0,0.0,0.0,0.0,0.0,0.0,0.0,0.0,0.0,0.0,0.0,-,-
Belarus,n/a,n/a,n/a,n/a,n/a,n/a,n/a,n/a,n/a,n/a,n/a,n/a,n/a,n/a,n/a,n/a,n/a,n/a,n/a,n/a,0.0,0.0,0.0,0.0,0.0,0.0,0.0,0.0,0.0,0.0,0.0,0.0,0.0,0.0,0.0,0.0,0.0,0.0,0.0,0.0,0.0,0.0,0.0,0.0,0.0,0.0,0.0,0.0,0.0,-,-
Belgium,0.0,0.006,0.094,0.061,0.022,0.057,0.0,0.011,0.076,0.148,6.784,10.036,11.939,12.513,11.407,12.549,12.859,15.664,24.106,27.743,34.601,39.394,41.967,43.102,41.217,42.722,42.861,43.456,41.927,40.624,41.356,43.336,47.408,46.165,49.017,48.157,46.349,47.36,47.379,47.312,47.595,46.645,48.227,45.568,47.222,47.944,48.234,40.295,42.644,0.0611945129931,0.017133211717
Bulgaria,0.0,0.0,0.0,0.0,0.0,0.0,0.0,0.0,0.0,0.928074,2.5544132,4.9895026,5.8866408,5.9131572,6.1783212,6.1694824,9.1216416,10.7479808,12.3212872,12.7367108,13.1344568,12.0738008,12.4361916,16.0335832,14.5663424,14.6679886,13.1830702,11.5523116,13.9741428,15.335318,17.2621764,18.0841848,17.7571492,16.904205,15.8170326,18.1814116,19.555845,20.2231744,19.975688,19.4276824,18.4554144,19.493,14.643,15.765,15.256,15.249,16.314,15.785,14.171222,-0.0997752770781,0.0056936154142
Czech Republic,0.0,0.0,0.0,0.0,0.0,0.0,0.0,0.0,0.0,0.0,0.0,0.0,0.0,0.0,0.0,0.0,0.0,0.0,0.0,0.0,2.3953148,6.1473854,10.7037868,11.821895,12.418514,12.5864512,12.1356724,12.2549962,12.6306452,12.9797778,12.2328992,12.8516152,12.4936438,13.1786508,13.3598462,13.5940744,14.7519572,18.7426754,25.875587,26.325,24.728,26.047,26.123793,26.502309,27.207,27.999,28.285,30.3242,30.7453,0.0166643708944,0.0123526342213
Denmark,0.0,0.0,0.0,0.0,0.0,0.0,0.0,0.0,0.0,0.0,0.0,0.0,0.0,0.0,0.0,0.0,0.0,0.0,0.0,0.0,0.0,0.0,0.0,0.0,0.0,0.0,0.0,0.0,0.0,0.0,0.0,0.0,0.0,0.0,0.0,0.0,0.0,0.0,0.0,0.0,0.0,0.0,0.0,0.0,0.0,0.0,0.0,0.0,0.0,-,-
Finland,0.0,0.0,0.0,0.0,0.0,0.0,0.0,0.0,0.0,0.0,0.0,0.0,2.6604788,3.2659366,6.739585,7.0224266,14.6679886,16.7760424,17.721794,18.870838,18.9282902,18.9503872,19.511651,19.423263,18.959226,19.0829692,19.379069,19.1315826,19.7944926,19.2995198,19.0829692,19.66633,21.0937962,22.0925806,23.2327858,22.7105263158,23.0042105263,22.5210526316,22.9789473684,22.9621052632,23.5326315789,23.1621052632,23.6852631579,23.2105263158,23.7905263158,23.0410526316,23.4368421053,23.2242105263,23.8926315789,0.0315997973084,0.00959941651672
France,1.0562366,1.6042422,2.9212234,3.5399394,4.9585668,5.7098648,9.3381922,14.5972782,14.7431184,14.694505,18.252122,15.7816774,17.986958,30.4894406,39.9690536,61.2617228,105.3452378,108.93821,144.2845712,191.2672126,224.2491948,254.2083074,265.5661654,275.5672676,303.9840096,314.1353714,331.3975478,338.503943,368.2509244,360.0396792,377.2974362,397.4101256,395.5495582,388.0542558,394.3165456,415.2379852,421.146723,436.8400124,441.1798632,449.368421053,452.631578947,451.263157895,440.631578947,440.315789474,410.131585,428.318512,442.082092,425.40307,423.68458,-0.00131101626903,0.170225054026
Germany,0.1370014,0.3402938,1.5114348,2.0064076,5.3297964,6.4920986,6.2180958,9.523807,12.1047366,14.4602768,24.1431822,29.6364964,41.2639378,43.8802226,52.0737902,55.6004714,65.5441214,74.4403736,78.0731204,104.3376146,138.6630944,130.5093014,141.7478356,156.8489254,161.705846,152.4958164,147.5505078,158.8288166,153.5034396,151.2274486,154.1133168,161.639555,170.3590312,161.6704908,170.0319956,169.638669,171.3312992,164.8303618,165.130881,167.1284498,163.0,167.4,140.5,148.8,134.9,140.6,108.0,99.5,97.3,-0.0194314029068,0.0390925221145
Greece,0.0,0.0,0.0,0.0,0.0,0.0,0.0,0.0,0.0,0.0,0.0,0.0,0.0,0.0,0.0,0.0,0.0,0.0,0.0,0.0,0.0,0.0,0.0,0.0,0.0,0.0,0.0,0.0,0.0,0.0,0.0,0.0,0.0,0.0,0.0,0.0,0.0,0.0,0.0,0.0,0.0,0.0,0.0,0.0,0.0,0.0,0.0,0.0,0.0,-,-
Hungary,0.0,0.0,0.0,0.0,0.0,0.0,0.0,0.0,0.0,0.0,0.0,0.0,0.0,0.0,0.0,0.0,0.0,0.0044194,2.474864,3.7697482,6.4832598,7.424592,10.9866284,13.4482342,13.8945936,13.7354952,13.7266564,13.965304,13.7973668,14.053692,14.031595,14.1818546,13.9697234,13.9520458,14.097886,14.1818546,14.1288218,13.9564652,11.0131448,11.9191218,13.834,13.461,14.677,14.818,15.426,15.753,15.685026,15.793014,15.369604,-0.0241436809301,0.00617509335279
Republic of Ireland,0.0,0.0,0.0,0.0,0.0,0.0,0.0,0.0,0.0,0.0,0.0,0.0,0.0,0.0,0.0,0.0,0.0,0.0,0.0,0.0,0.0,0.0,0.0,0.0,0.0,0.0,0.0,0.0,0.0,0.0,0.0,0.0,0.0,0.0,0.0,0.0,0.0,0.0,0.0,0.0,0.0,0.0,0.0,0.0,0.0,0.0,0.0,0.0,0.0,-,-
Italy,3.5752946,3.9288466,3.204065,2.6207042,1.7103078,3.2350008,3.425035,3.8404586,3.0449666,3.2570978,3.3322276,3.7962646,3.3720022,4.4282388,4.6536282,4.8922758,5.2060532,9.2498042,8.2333422,6.6777134,7.0224266,8.7592508,0.1723566,0.0,0.0,0.0,0.0,0.0,0.0,0.0,0.0,0.0,0.0,0.0,0.0,0.0,0.0,0.0,0.0,0.0,0.0,0.0,0.0,0.0,0.0,0.0,0.0,0.0,0.0,-,-
Kazakhstan,n/a,n/a,n/a,n/a,n/a,n/a,n/a,n/a,n/a,n/a,n/a,n/a,n/a,n/a,n/a,n/a,n/a,n/a,n/a,n/a,0.0,0.0,0.0,0.0,0.1016462,0.0,0.5391668,0.464037,0.4463594,0.3800684,0.0795492,0.088388,0.3005192,0.088388,0.0,0.0,0.0,0.0,0.0,0.0,0.0,0.0,0.0,0.0,0.0,0.0,0.0,0.0,0.0,-,-
Lithuania,n/a,n/a,n/a,n/a,n/a,n/a,n/a,n/a,n/a,n/a,n/a,n/a,n/a,n/a,n/a,n/a,n/a,n/a,n/a,n/a,9.479613,9.8817784,9.1835132,12.8118406,16.6522992,17.036787,17.0014318,14.6414722,12.263835,7.7074336,11.821895,13.943207,12.0251874,13.5587192,9.8641008,8.418957,11.3622774,14.1464994,15.4855776,15.1016,10.3376,8.6512,9.8329,9.8937,10.8526,0.0,0.0,0.0,0.0,-,-
Netherlands,0.0,0.0,0.0,0.022097,0.3181968,0.375649,0.4154236,0.331455,1.1092694,3.0449666,3.1024188,3.601811,3.7078766,3.5487782,3.2438396,3.9067496,3.4427126,3.623908,3.3322276,3.4559708,3.8979108,4.2161076,3.5531976,3.6769408,4.021654,3.5001648,3.3322276,3.800684,3.9509436,3.9642018,4.021654,4.1586554,2.408573,3.8139422,3.8360392,3.9288466,3.97746,3.9155884,4.0172346,3.822,3.997,3.469,4.2,4.169,4.228,3.969,4.141,3.952,2.737,-0.305541843176,0.00109965295997
Norway,0.0,0.0,0.0,0.0,0.0,0.0,0.0,0.0,0.0,0.0,0.0,0.0,0.0,0.0,0.0,0.0,0.0,0.0,0.0,0.0,0.0,0.0,0.0,0.0,0.0,0.0,0.0,0.0,0.0,0.0,0.0,0.0,0.0,0.0,0.0,0.0,0.0,0.0,0.0,0.0,0.0,0.0,0.0,0.0,0.0,0.0,0.0,0.0,0.0,-,-
Poland,0.0,0.0,0.0,0.0,0.0,0.0,0.0,0.0,0.0,0.0,0.0,0.0,0.0,0.0,0.0,0.0,0.0,0.0,0.0,0.0,0.0,0.0,0.0,0.0,0.0,0.0,0.0,0.0,0.0,0.0,0.0,0.0,0.0,0.0,0.0,0.0,0.0,0.0,0.0,0.0,0.0,0.0,0.0,0.0,0.0,0.0,0.0,0.0,0.0,-,-
Portugal,0.0,0.0,0.0,0.0,0.0,0.0,0.0,0.0,0.0,0.0,0.0,0.0,0.0,0.0,0.0,0.0,0.0,0.0,0.0,0.0,0.0,0.0,0.0,0.0,0.0,0.0,0.0,0.0,0.0,0.0,0.0,0.0,0.0,0.0,0.0,0.0,0.0,0.0,0.0,0.0,0.0,0.0,0.0,0.0,0.0,0.0,0.0,0.0,0.0,-,-
Romania,0.0,0.0,0.0,0.0,0.0,0.0,0.0,0.0,0.0,0.0,0.0,0.0,0.0,0.0,0.0,0.0,0.0,0.0,0.0,0.0,0.0,0.0,0.0,0.0,0.0,0.0,0.0,0.0,0.0,0.0,0.0,1.3876916,5.4005068,5.3076994,5.1972144,5.457959,5.4447008,5.5154112,4.905534,5.548,5.555,5.632,7.709,11.226,11.752,11.623,11.7472,11.4662,11.6184,0.016049887985,0.00466796057299
Russian Federation,n/a,n/a,n/a,n/a,n/a,n/a,n/a,n/a,n/a,n/a,n/a,n/a,n/a,n/a,n/a,n/a,n/a,n/a,n/a,n/a,99.3171762,105.2214946,124.7022098,134.813797,136.33849,118.3250156,120.0043876,119.6464162,119.2044762,97.845516,99.3967254,109.0177592,108.3150746,104.1166446,119.964613,130.5225596,136.9262702,141.6550282,148.6288414,144.7265112,147.606,156.5,160.0575,163.0839,163.5825,170.4146,172.9413,177.5339,172.9766,-0.0230006296188,0.0694973394275
Slovakia,0.0,0.0,0.0,0.0,0.0,0.0,0.0,0.0044194,0.2342282,0.4905534,0.1856148,0.44194,0.110485,0.0176776,2.1478284,4.5254656,5.1309234,5.8424468,6.1518048,7.2433966,9.3868056,11.7202488,11.512537,11.4727624,12.1621888,12.0384456,11.6937324,11.0617582,11.9412188,12.1400918,11.4418266,11.2783088,10.8010136,11.3976326,13.1167792,16.4976202,17.1074974,17.9560222,17.8676342,17.026,17.727,18.012,15.334,16.704,14.081,14.574,15.411,15.495,15.72,0.0173003226519,0.0063158730045
Spain,0.0,0.0,0.0,0.0795492,0.8441054,0.9369128,2.5676714,4.6978222,6.5893254,7.2080414,7.5439158,7.557174,6.5230344,7.6278844,6.6998104,5.1883756,9.5724204,8.772509,10.6640122,23.091365,28.0455124,37.4632538,41.277196,50.4739674,56.1396382,54.2746514,55.5872132,55.7905056,56.0689278,55.3220492,55.4546312,56.3385112,55.308791,59.0122482,58.8619886,62.2163132,63.7189092,63.016,61.875,63.606,57.539,60.126,55.103,58.971,52.7613,61.9900011628,57.7309999948,61.47,56.731333,-0.0745605751872,0.0227931234986
Sweden,0.0176776,0.0486134,0.0486134,0.022097,0.0618716,0.0530328,0.088388,1.4672408,2.1124732,2.055021,11.9721546,15.9938086,19.9182358,23.7852108,21.0407634,26.494303,37.6842238,39.0542378,41.012032,50.933585,58.5703082,69.9635214,67.5903036,69.4331934,65.6148318,68.1957614,76.7738168,63.5553914,61.407563,73.1675864,69.9767796,73.2869102,69.937005,70.4761718,73.2029416,57.4522,72.1201886,68.125051,67.4267858,76.654,72.377,66.977,66.969,64.279,52.6557894737,58.5536842105,61.08,64.6242105263,66.9442105263,0.0387379415333,0.0268963817507
Switzerland,0.0,0.0,0.0,0.0,0.530328,2.4925416,2.7532862,3.5885528,6.2711286,6.1606436,7.3715592,7.8974678,8.0698244,7.999114,9.3823862,13.6471072,14.4646962,14.2790814,14.8005706,17.4080166,22.561037,22.583134,23.0073964,22.7952652,22.8394592,23.6393706,22.958783,23.4537558,23.356529,24.3685716,24.8988996,25.146386,25.4159694,25.8358124,24.9386742,26.3257,26.6732,27.0739,27.3155,26.7694,23.1758,27.6489,27.7713,27.5073684211,27.4936842105,26.5315789474,26.9052631579,25.6263157895,26.18,0.0244050007314,0.0105184195563
Turkey,0.0,0.0,0.0,0.0,0.0,0.0,0.0,0.0,0.0,0.0,0.0,0.0,0.0,0.0,0.0,0.0,0.0,0.0,0.0,0.0,0.0,0.0,0.0,0.0,0.0,0.0,0.0,0.0,0.0,0.0,0.0,0.0,0.0,0.0,0.0,0.0,0.0,0.0,0.0,0.0,0.0,0.0,0.0,0.0,0.0,0.0,0.0,0.0,0.0,-,-
Turkmenistan,n/a,n/a,n/a,n/a,n/a,n/a,n/a,n/a,n/a,n/a,n/a,n/a,n/a,n/a,n/a,n/a,n/a,n/a,n/a,n/a,0.0,0.0,0.0,0.0,0.0,0.0,0.0,0.0,0.0,0.0,0.0,0.0,0.0,0.0,0.0,0.0,0.0,0.0,0.0,0.0,0.0,0.0,0.0,0.0,0.0,0.0,0.0,0.0,0.0,-,-
Ukraine,n/a,n/a,n/a,n/a,n/a,n/a,n/a,n/a,n/a,n/a,n/a,n/a,n/a,n/a,n/a,n/a,n/a,n/a,n/a,n/a,53.3068028,42.7090816,50.425354,72.0008648,66.5163894,76.190456,75.1430582,73.7642054,75.2535432,68.8586714,70.533624,79.5889746,79.4475538,75.2535432,72.0759946,77.3527582,76.1816172,78.00241,81.4848972,87.0,88.8,90.2253,92.5431,89.8413,82.9241,89.1514,90.2477,90.137,83.208,-0.0743427574635,0.0334307365119
United Kingdom,15.136445,20.218755,23.2769798,26.1937838,29.1282654,26.0170078,27.5505396,29.3845906,28.0013184,33.6227952,30.3436004,36.1595308,40.0265058,37.2290256,38.3117786,37.0301526,37.9759042,43.9818688,49.9348006,53.9918098,61.1070438,59.087378,55.2469194,63.4670034,71.7445396,65.760672,70.555721,76.8180108,89.3691068,88.299612,88.9801996,94.685645,98.1637128,99.502791,95.149682,85.0778694,90.1071466,87.848,88.686,79.999,81.618,75.451,63.028,52.486,69.098,62.1396732525,68.98,70.4050698803,70.608,0.00562994554639,0.0283683929592
Uzbekistan,n/a,n/a,n/a,n/a,n/a,n/a,n/a,n/a,n/a,n/a,n/a,n/a,n/a,n/a,n/a,n/a,n/a,n/a,n/a,n/a,0.0,0.0,0.0,0.0,0.0,0.0,0.0,0.0,0.0,0.0,0.0,0.0,0.0,0.0,0.0,0.0,0.0,0.0,0.0,0.0,0.0,0.0,0.0,0.0,0.0,0.0,0.0,0.0,0.0,-,-
Other Europe & Eurasia,1.8605674,2.0638598,2.253894,3.1333546,3.6327468,4.3884642,5.3872486,9.833165,14.3100172,21.4606064,28.615615,38.1526802,51.0308118,52.4626974,59.617706,73.9233038,87.3803768,102.7908246,115.3109848,148.2178372,9.324934,6.7749402,8.8299612,8.949285,5.96619,4.6226924,3.9730406,3.9730406,3.955363,4.6094342,5.08231,6.8854252,6.6202612,6.6114224,6.7749402,6.7661014,7.247816,8.0388886,7.203622,7.8631536,8.601931,8.1883,8.2484,8.7346,8.2317,8.147,8.764,7.838,7.6587,-0.0201986804605,0.00307705951855
Total Europe & Eurasia,21.7832226,28.2106108,33.3102104,37.6789328,46.536185,49.7575724,57.7438804,77.2797896,88.596582,107.5305812,144.2008236,174.0443534,212.4957914,233.1603838,261.4654908,312.2108364,408.3953,454.1657068,528.4214116,669.7448186,800.4741812,847.0879634,898.4202036,986.1400884,1024.842858,1013.0101088,1037.7961026,1044.6622312,1081.0958772,1050.2226718,1077.064487,1142.9755274,1152.7750698,1136.9922438,1162.8560596,1181.71840572,1221.13494013,1239.76654083,1258.42973817,1272.55844512,1261.11095593,1268.35196316,1219.28383511,1221.87549321,1171.593785,1205.9985022,1199.98542326,1178.87219072,1162.18958111,-0.011450374499,0.46693649888
,,,,,,,,,,,,,,,,,,,,,,,,,,,,,,,,,,,,,,,,,,,,,,,,,,,
Iran,0.0,0.0,0.0,0.0,0.0,0.0,0.0,0.0,0.0,0.0,0.0,0.0,0.0,0.0,0.0,0.0,0.0,0.0,0.0,0.0,0.0,0.0,0.0,0.0,0.0,0.0,0.0,0.0,0.0,0.0,0.0,0.0,0.0,0.0,0.0,0.0,0.0,0.0,0.0,0.0,0.0,0.0,0.0,0.0,0.0,0.0,0.103136842105,1.39822105263,4.0986,1.93932712078,0.00164670718368
Israel,0.0,0.0,0.0,0.0,0.0,0.0,0.0,0.0,0.0,0.0,0.0,0.0,0.0,0.0,0.0,0.0,0.0,0.0,0.0,0.0,0.0,0.0,0.0,0.0,0.0,0.0,0.0,0.0,0.0,0.0,0.0,0.0,0.0,0.0,0.0,0.0,0.0,0.0,0.0,0.0,0.0,0.0,0.0,0.0,0.0,0.0,0.0,0.0,0.0,-,-
Kuwait,0.0,0.0,0.0,0.0,0.0,0.0,0.0,0.0,0.0,0.0,0.0,0.0,0.0,0.0,0.0,0.0,0.0,0.0,0.0,0.0,0.0,0.0,0.0,0.0,0.0,0.0,0.0,0.0,0.0,0.0,0.0,0.0,0.0,0.0,0.0,0.0,0.0,0.0,0.0,0.0,0.0,0.0,0.0,0.0,0.0,0.0,0.0,0.0,0.0,-,-
Qatar,0.0,0.0,0.0,0.0,0.0,0.0,0.0,0.0,0.0,0.0,0.0,0.0,0.0,0.0,0.0,0.0,0.0,0.0,0.0,0.0,0.0,0.0,0.0,0.0,0.0,0.0,0.0,0.0,0.0,0.0,0.0,0.0,0.0,0.0,0.0,0.0,0.0,0.0,0.0,0.0,0.0,0.0,0.0,0.0,0.0,0.0,0.0,0.0,0.0,-,-
Saudi Arabia,0.0,0.0,0.0,0.0,0.0,0.0,0.0,0.0,0.0,0.0,0.0,0.0,0.0,0.0,0.0,0.0,0.0,0.0,0.0,0.0,0.0,0.0,0.0,0.0,0.0,0.0,0.0,0.0,0.0,0.0,0.0,0.0,0.0,0.0,0.0,0.0,0.0,0.0,0.0,0.0,0.0,0.0,0.0,0.0,0.0,0.0,0.0,0.0,0.0,-,-
United Arab Emirates,0.0,0.0,0.0,0.0,0.0,0.0,0.0,0.0,0.0,0.0,0.0,0.0,0.0,0.0,0.0,0.0,0.0,0.0,0.0,0.0,0.0,0.0,0.0,0.0,0.0,0.0,0.0,0.0,0.0,0.0,0.0,0.0,0.0,0.0,0.0,0.0,0.0,0.0,0.0,0.0,0.0,0.0,0.0,0.0,0.0,0.0,0.0,0.0,0.0,-,-
Other Middle East,0.0,0.0,0.0,0.0,0.0,0.0,0.0,0.0,0.0,0.0,0.0,0.0,0.0,0.0,0.0,0.0,0.0,0.0,0.0,0.0,0.0,0.0,0.0,0.0,0.0,0.0,0.0,0.0,0.0,0.0,0.0,0.0,0.0,0.0,0.0,0.0,0.0,0.0,0.0,0.0,0.0,0.0,0.0,0.0,0.0,0.0,0.0,0.0,0.0,-,-
Total Middle East,0.0,0.0,0.0,0.0,0.0,0.0,0.0,0.0,0.0,0.0,0.0,0.0,0.0,0.0,0.0,0.0,0.0,0.0,0.0,0.0,0.0,0.0,0.0,0.0,0.0,0.0,0.0,0.0,0.0,0.0,0.0,0.0,0.0,0.0,0.0,0.0,0.0,0.0,0.0,0.0,0.0,0.0,0.0,0.0,0.0,0.0,0.103136842105,1.39822105263,4.0986,1.93932712078,0.00164670718368
,,,,,,,,,,,,,,,,,,,,,,,,,,,,,,,,,,,,,,,,,,,,,,,,,,,
Algeria,0.0,0.0,0.0,0.0,0.0,0.0,0.0,0.0,0.0,0.0,0.0,0.0,0.0,0.0,0.0,0.0,0.0,0.0,0.0,0.0,0.0,0.0,0.0,0.0,0.0,0.0,0.0,0.0,0.0,0.0,0.0,0.0,0.0,0.0,0.0,0.0,0.0,0.0,0.0,0.0,0.0,0.0,0.0,0.0,0.0,0.0,0.0,0.0,0.0,-,-
Egypt,0.0,0.0,0.0,0.0,0.0,0.0,0.0,0.0,0.0,0.0,0.0,0.0,0.0,0.0,0.0,0.0,0.0,0.0,0.0,0.0,0.0,0.0,0.0,0.0,0.0,0.0,0.0,0.0,0.0,0.0,0.0,0.0,0.0,0.0,0.0,0.0,0.0,0.0,0.0,0.0,0.0,0.0,0.0,0.0,0.0,0.0,0.0,0.0,0.0,-,-
South Africa,0.0,0.0,0.0,0.0,0.0,0.0,0.0,0.0,0.0,0.0,0.0,0.0,0.0,0.0,0.0,0.0,0.0,0.0,0.0,4.132139,5.5949604,9.2674818,6.4920986,11.0485,11.6848936,8.8962522,9.6254532,9.7801322,7.6367232,10.2132334,11.8970248,12.396417,13.3112328,14.318856,13.5145252,13.6957206,11.2871476,12.6262258,13.3294736842,14.0684210526,11.8873684211,10.5536842105,11.9126315789,13.6884210526,13.48,12.7357894737,14.2126315789,12.5831578947,13.8504384104,0.103728085756,0.00556473340839
Other Africa,0.0,0.0,0.0,0.0,0.0,0.0,0.0,0.0,0.0,0.0,0.0,0.0,0.0,0.0,0.0,0.0,0.0,0.0,0.0,0.0,0.0,0.0,0.0,0.0,0.0,0.0,0.0,0.0,0.0,0.0,0.0,0.0,0.0,0.0,0.0,0.0,0.0,0.0,0.0,0.0,0.0,0.0,0.0,0.0,0.0,0.0,0.0,0.0,0.0,-,-
Total Africa,0.0,0.0,0.0,0.0,0.0,0.0,0.0,0.0,0.0,0.0,0.0,0.0,0.0,0.0,0.0,0.0,0.0,0.0,0.0,4.132139,5.5949604,9.2674818,6.4920986,11.0485,11.6848936,8.8962522,9.6254532,9.7801322,7.6367232,10.2132334,11.8970248,12.396417,13.3112328,14.318856,13.5145252,13.6957206,11.2871476,12.6262258,13.3294736842,14.0684210526,11.8873684211,10.5536842105,11.9126315789,13.6884210526,13.48,12.7357894737,14.2126315789,12.5831578947,13.8504384104,0.103728085756,0.00556473340839
,,,,,,,,,,,,,,,,,,,,,,,,,,,,,,,,,,,,,,,,,,,,,,,,,,,
Australia,0.0,0.0,0.0,0.0,0.0,0.0,0.0,0.0,0.0,0.0,0.0,0.0,0.0,0.0,0.0,0.0,0.0,0.0,0.0,0.0,0.0,0.0,0.0,0.0,0.0,0.0,0.0,0.0,0.0,0.0,0.0,0.0,0.0,0.0,0.0,0.0,0.0,0.0,0.0,0.0,0.0,0.0,0.0,0.0,0.0,0.0,0.0,0.0,0.0,-,-
Bangladesh,0.0,0.0,0.0,0.0,0.0,0.0,0.0,0.0,0.0,0.0,0.0,0.0,0.0,0.0,0.0,0.0,0.0,0.0,0.0,0.0,0.0,0.0,0.0,0.0,0.0,0.0,0.0,0.0,0.0,0.0,0.0,0.0,0.0,0.0,0.0,0.0,0.0,0.0,0.0,0.0,0.0,0.0,0.0,0.0,0.0,0.0,0.0,0.0,0.0,-,-
China,0.0,0.0,0.0,0.0,0.0,0.0,0.0,0.0,0.0,0.0,0.0,0.0,0.0,0.0,0.0,0.0,0.0,0.0,0.0,0.0,0.0,0.0,0.0,0.0,0.0,0.0,0.0,0.0,1.6042422,14.760796,12.8339376,14.340953,14.4205022,14.1023054,14.9508302,16.7406872,17.4743076,25.1331278,43.3498946,50.469,53.088,54.843,62.13,68.394,70.134,73.88,86.35,97.39,110.63,0.139060437679,0.0444481559098
China Hong Kong SAR,0.0,0.0,0.0,0.0,0.0,0.0,0.0,0.0,0.0,0.0,0.0,0.0,0.0,0.0,0.0,0.0,0.0,0.0,0.0,0.0,0.0,0.0,0.0,0.0,0.0,0.0,0.0,0.0,0.0,0.0,0.0,0.0,0.0,0.0,0.0,0.0,0.0,0.0,0.0,0.0,0.0,0.0,0.0,0.0,0.0,0.0,0.0,0.0,0.0,-,-
India,0.0,0.0,0.0,0.0,0.7247816,1.3081424,0.972268,0.9236546,1.9533748,1.7986958,2.143409,2.6560594,1.8517286,2.2627328,2.3467014,2.4483476,2.4660252,2.1566672,3.0759024,4.0393316,4.507788,5.0204384,5.3209576,6.076675,4.021654,6.3948718,5.413765,6.4037106,6.2269346,4.9453086,7.6146262,8.4012794,10.0718126,11.3711162,12.727872,15.7684192,18.8885156,19.3525526,18.141637,16.7627842,17.8234402,17.63176,17.83178,15.23073,16.81618,23.08211,32.22365,33.13971,33.30824,0.00783909857273,0.0133823547512
Indonesia,0.0,0.0,0.0,0.0,0.0,0.0,0.0,0.0,0.0,0.0,0.0,0.0,0.0,0.0,0.0,0.0,0.0,0.0,0.0,0.0,0.0,0.0,0.0,0.0,0.0,0.0,0.0,0.0,0.0,0.0,0.0,0.0,0.0,0.0,0.0,0.0,0.0,0.0,0.0,0.0,0.0,0.0,0.0,0.0,0.0,0.0,0.0,0.0,0.0,-,-
Japan,0.0265164,0.3712296,0.8485248,0.7203622,0.9369128,3.3057112,7.0975564,8.7813478,9.4972906,18.583577,21.7125122,36.7517304,28.1692556,52.0428544,61.9511492,82.6251024,85.6170362,105.535272,108.7879504,126.7395532,151.9566496,166.478798,189.3978064,174.9684654,186.6621978,195.7263872,209.3823332,218.0355184,248.6177664,259.4983292,287.8531996,297.5670408,321.754417,327.2212148,317.7018272,319.7391706,321.0959264,314.9308634,230.4230966,285.9219218,293.038,305.008,279.009,251.744,287.356,292.355,162.927285,17.991,14.603,-0.186092585325,0.00586709240451
Malaysia,0.0,0.0,0.0,0.0,0.0,0.0,0.0,0.0,0.0,0.0,0.0,0.0,0.0,0.0,0.0,0.0,0.0,0.0,0.0,0.0,0.0,0.0,0.0,0.0,0.0,0.0,0.0,0.0,0.0,0.0,0.0,0.0,0.0,0.0,0.0,0.0,0.0,0.0,0.0,0.0,0.0,0.0,0.0,0.0,0.0,0.0,0.0,0.0,0.0,-,-
New Zealand,0.0,0.0,0.0,0.0,0.0,0.0,0.0,0.0,0.0,0.0,0.0,0.0,0.0,0.0,0.0,0.0,0.0,0.0,0.0,0.0,0.0,0.0,0.0,0.0,0.0,0.0,0.0,0.0,0.0,0.0,0.0,0.0,0.0,0.0,0.0,0.0,0.0,0.0,0.0,0.0,0.0,0.0,0.0,0.0,0.0,0.0,0.0,0.0,0.0,-,-
Pakistan,0.0,0.0,0.0,0.0,0.0,0.0,0.0486134,0.2032924,0.3800684,0.530328,0.6098772,0.5170698,0.3270356,0.1679372,0.0530328,0.0795492,0.1679372,0.2032924,0.2740028,0.331455,0.3889072,0.5259086,0.3049386,0.1944536,0.1193238,0.419843,0.419843,0.552425,0.4065848,0.5877802,0.5214892,0.3270356,0.4507788,0.3933266,0.0795492,0.9457516,2.0859568,1.8959226,1.9047614,2.4174118,2.627,2.748,2.517,1.9,2.854,2.538,3.882,5.704389,4.766662,-0.16209757328,0.00191511644516
Philippines,0.0,0.0,0.0,0.0,0.0,0.0,0.0,0.0,0.0,0.0,0.0,0.0,0.0,0.0,0.0,0.0,0.0,0.0,0.0,0.0,0.0,0.0,0.0,0.0,0.0,0.0,0.0,0.0,0.0,0.0,0.0,0.0,0.0,0.0,0.0,0.0,0.0,0.0,0.0,0.0,0.0,0.0,0.0,0.0,0.0,0.0,0.0,0.0,0.0,-,-
Singapore,0.0,0.0,0.0,0.0,0.0,0.0,0.0,0.0,0.0,0.0,0.0,0.0,0.0,0.0,0.0,0.0,0.0,0.0,0.0,0.0,0.0,0.0,0.0,0.0,0.0,0.0,0.0,0.0,0.0,0.0,0.0,0.0,0.0,0.0,0.0,0.0,0.0,0.0,0.0,0.0,0.0,0.0,0.0,0.0,0.0,0.0,0.0,0.0,0.0,-,-
South Korea,0.0,0.0,0.0,0.0,0.0,0.0,0.0,0.0,0.0,0.0,0.0,0.0,0.0707104,2.3246044,3.1510322,3.4780678,2.894707,3.7741676,8.9669626,11.7909592,16.7451066,28.3150958,39.3194018,40.106055,47.3715486,52.8957986,56.3208336,56.5418036,58.1504652,58.6631156,67.0378786,73.936562,77.096433,89.7049812,103.082505,108.982404,112.1511138,119.124927,129.6828736,130.715,146.857,148.749,142.937,150.958,147.7712,148.596,154.723,150.327,138.784,-0.0742565840483,0.0557596758008
Taiwan,0.0,0.0,0.0,0.0,0.0,0.0,0.0,0.0,0.0,0.0,0.0,0.0,0.1016462,2.6693176,6.3285808,8.197987,10.6684316,13.0858434,18.9061932,24.593961,28.7305194,26.9450818,33.1322418,30.6573778,28.2797406,32.865953,35.290082,33.844505,34.354155,34.870545,35.31564,37.78769096,36.2694706,36.82446526,38.4158052,38.50279052,35.4864224,39.552920471,38.889575961,39.490065,39.972008,39.870498,40.53916,40.82686,41.57113,41.62869,42.1164908,40.4217298,41.63936,0.0329454131424,0.0167295746505
Thailand,0.0,0.0,0.0,0.0,0.0,0.0,0.0,0.0,0.0,0.0,0.0,0.0,0.0,0.0,0.0,0.0,0.0,0.0,0.0,0.0,0.0,0.0,0.0,0.0,0.0,0.0,0.0,0.0,0.0,0.0,0.0,0.0,0.0,0.0,0.0,0.0,0.0,0.0,0.0,0.0,0.0,0.0,0.0,0.0,0.0,0.0,0.0,0.0,0.0,-,-
Vietnam,0.0,0.0,0.0,0.0,0.0,0.0,0.0,0.0,0.0,0.0,0.0,0.0,0.0,0.0,0.0,0.0,0.0,0.0,0.0,0.0,0.0,0.0,0.0,0.0,0.0,0.0,0.0,0.0,0.0,0.0,0.0,0.0,0.0,0.0,0.0,0.0,0.0,0.0,0.0,0.0,0.0,0.0,0.0,0.0,0.0,0.0,0.0,0.0,0.0,-,-
Other Asia Pacific,0.0,0.0,0.0,0.0,0.0,0.0,0.0,0.0,0.0,0.0,0.0,0.0,0.0,0.0,0.0,0.0,0.0,0.0,0.0,0.0,0.0,0.0,0.0,0.0,0.0,0.0,0.0,0.0,0.0,0.0,0.0,0.0,0.0,0.0,0.0,0.0,0.0,0.0,0.0,0.0,0.0,0.0,0.0,0.0,0.0,0.0,0.0,0.0,0.0,-,-
Total Asia Pacific,0.0265164,0.3712296,0.8485248,0.7203622,1.6616944,4.6138536,8.1184378,9.9082948,11.8307338,20.9126008,24.4657984,39.9248596,30.5203764,59.4674464,73.8304964,96.829054,101.8141372,124.7552426,140.0110114,167.49526,202.3289708,227.2853226,267.4753462,252.0030268,266.4544648,288.3028536,306.8268568,315.3779626,349.3601482,373.3258746,411.1767712,432.36056176,460.0634142,479.61740946,486.9583888,500.67922312,507.1822426,519.990313871,462.391839161,525.7761828,553.4054482,568.850258,544.96394,529.05359,566.50251,582.0798,482.2224258,344.9738288,343.731262,-0.00087205838645,0.138101965189
,,,,,,,,,,,,,,,,,,,,,,,,,,,,,,,,,,,,,,,,,,,,,,,,,,,
Total World,25.6592126842,34.3923667158,42.2166299368,51.5866634211,62.8589320316,77.3230049474,109.972401516,150.830208937,202.601125779,263.346652042,364.339879726,433.379020863,535.484923021,619.375496516,639.686176526,711.414717179,836.059129358,916.780020674,1029.55150941,1244.70109674,1481.95963596,1596.60202968,1736.33028655,1893.18959385,1946.75382518,2002.34624169,2096.83201853,2113.94881636,2186.91415607,2227.52677715,2324.17785605,2407.86607145,2391.43258776,2431.06566764,2523.97708889,2582.40717639,2655.12655951,2697.9097681,2643.92980066,2760.87514295,2768.47458409,2805.84067278,2747.71587907,2737.52301633,2713.71271495,2767.40558389,2654.73117777,2474.44538571,2488.96713271,0.00862449221313,1.0
of which: OECD,23.7986452842,32.3285069158,39.9627359368,48.4533088211,58.5014036316,71.6263983474,103.564271516,139.870096937,185.957665379,237.603647042,328.127316126,384.717007463,474.669559621,553.035883116,562.501355526,618.284700979,723.470494958,785.934844874,876.295556211,1044.41830814,1249.02632016,1372.33073788,1478.06496995,1594.19508685,1655.63910838,1713.41141389,1811.01498933,1834.45638176,1907.34959207,1963.73131215,2047.01497045,2100.28726869,2080.92608896,2126.51395038,2208.21299789,2242.58969387,2297.10348631,2317.86859403,2234.91233821,2343.96872349,2352.88207447,2375.7681411,2306.02218644,2284.04766317,2261.05139969,2303.04620494,2160.49376855,1964.3218148,1975.66119714,0.00852821208537,0.793767511845
                 Non-OECD,1.8605674,2.0638598,2.253894,3.1333546,4.3575284,5.6966066,6.40813,10.960112,16.6434604,25.743005,36.2125636,48.6620134,60.8153634,66.3396134,77.184821,93.1300162,112.5886344,130.8451758,153.2559532,200.2827886,232.9333158,224.2712918,258.2653166,298.994507,291.1147168,288.9348278,285.8170292,279.4924346,279.564564,263.795465,277.1628856,307.57880276,310.5064988,304.55171726,315.764091,339.81748252,358.0230732,380.041174071,409.017462445,416.906419453,415.592509621,430.072531684,441.693692632,453.475353158,452.661315263,464.359378947,494.237409221,510.123570905,513.305935568,0.00899523682892,0.206232503057
                 European Union #,19.9226552,26.146751,31.0563164,34.5455782,42.3731102,42.8765666,49.6033456,63.8580718,68.0154362,79.9093312,108.2136494,127.9942054,153.3951552,172.6985724,192.4653986,224.6404254,306.550227,337.0958008,398.3098562,504.1189648,615.9642312,669.799313,691.4552822,747.5808764,793.0806832,790.2325742,819.150707,827.3338168,862.8349694,858.7698444,881.8551696,926.8094152,937.69613,930.1068716,943.7996598,945.510980316,979.365122726,990.754792232,999.002930768,1011.65838032,998.811224926,991.337463158,936.358535105,938.981324789,895.099800789,917.410923257,907.3431601,883.263974933,877.465281105,-0.00384333496913,0.352541923523
                 Former Soviet Union,1.8605674,2.0638598,2.253894,3.1333546,3.6327468,4.3884642,5.3872486,9.833165,14.3100172,21.4606064,28.615615,38.1526802,51.0308118,52.4626974,59.617706,73.9233038,87.0886964,100.254089,111.3953964,143.7984372,167.3715168,160.5656408,188.642089,224.439229,220.8860314,211.5522586,212.6880444,208.5161308,207.1682138,174.7916894,182.1323128,204.9629332,201.6881578,194.608279,203.9818264,218.3006824,226.4588948,236.084348,247.596885,249.2322648,249.461531,258.0168,264.9869,265.2805,259.8529,262.056,265.737,269.9819,258.5443,-0.0397406630218,0.103876143694
,,,,,,,,,,,,,,,,,,,,,,,,,,,,,,,,,,,,,,,,,,,,,,,,,,,
 * Based on gross generation and not accounting for cross-border electricity supply.,,,,,,,,,,,,,,,,,,,,,,,,,,,,,,,,,,,,,,,,,,,,,,,,,,,
 ^ Less than 0.05.,,,,,,,,,,,,,,,,,,,,,,,,,,,,,,,,,,,,,,,,,,,,,,,,,,,
w Less than 0.05%.,,,,,,,,,,,,,,,,,,,,,,,,,,,,,,,,,,,,,,,,,,,,,,,,,,,
" # Excludes Estonia, Latvia and Lithuania prior to 1985 and Slovenia prior to 1991.",,,,,,,,,,,,,,,,,,,,,,,,,,,,,,,,,,,,,,,,,,,,,,,,,,,
Notes: Annual changes and shares of total are based on data expressed in tonnes oil equivalent.,,,,,,,,,,,,,,,,,,,,,,,,,,,,,,,,,,,,,,,,,,,,,,,,,,,
Growth rates are adjusted for leap years.,,,,,,,,,,,,,,,,,,,,,,,,,,,,,,,,,,,,,,,,,,,,,,,,,,,
