Primary Energy: Consumption *,,,,,,,,,,,,,,,,,,,,,,,,,,,,,,,,,,,,,,,,,,,,,,,,,,Change,2013.0
,,,,,,,,,,,,,,,,,,,,,,,,,,,,,,,,,,,,,,,,,,,,,,,,,,2013 over,share
Million tonnes oil equivalent,1965.0,1966.0,1967.0,1968.0,1969.0,1970.0,1971.0,1972.0,1973.0,1974.0,1975.0,1976.0,1977.0,1978.0,1979.0,1980.0,1981.0,1982.0,1983.0,1984.0,1985.0,1986.0,1987.0,1988.0,1989.0,1990.0,1991.0,1992.0,1993.0,1994.0,1995.0,1996.0,1997.0,1998.0,1999.0,2000.0,2001.0,2002.0,2003.0,2004.0,2005.0,2006.0,2007.0,2008.0,2009.0,2010.0,2011.0,2012.0,2013.0,2012.0,of total
,,,,,,,,,,,,,,,,,,,,,,,,,,,,,,,,,,,,,,,,,,,,,,,,,,,
US,1287.27820475,1360.57470758,1407.65106377,1493.24234922,1573.92723639,1627.67154361,1659.99132442,1742.60406653,1811.77300425,1764.83780798,1717.50174019,1809.40024094,1854.3215139,1852.92677516,1878.6145932,1812.64002002,1760.44356095,1683.67658204,1672.50911483,1761.90992357,1756.41662576,1762.50447322,1823.3362034,1907.538828,1961.83447163,1968.39375348,1966.11545632,1997.67773027,2039.68051242,2077.28464225,2121.89985725,2192.49270827,2209.9375675,2224.05163716,2261.69994511,2313.70914077,2259.69333151,2294.24865584,2302.32478355,2349.14177602,2351.28874555,2333.07062215,2371.7156008,2320.1099208,2205.86281026,2284.9214813,2265.35985175,2207.97526742,2265.83028317,0.0290142614394,0.177985370159
Canada,116.287,123.447,129.524,138.16,146.064,156.413,160.979,172.151,182.77,189.064,187.001,197.390976467,207.072888039,210.588143368,212.927339956,218.013825582,211.990675758,215.108742011,213.261191735,227.342125442,234.442793227,234.709250935,242.674831002,253.052069963,256.228303272,251.473507992,251.8109226,258.370149033,264.309740851,274.103625423,280.321594761,290.564140441,292.157234461,286.197784364,293.929034326,302.952333732,296.528349391,305.064794075,312.14849638,315.480961681,324.114568872,321.398367407,327.481112027,326.073541295,311.485327478,315.637085241,328.143466836,326.930817548,332.910270809,0.0210794936866,0.0261507481337
Mexico,24.4478626158,25.7205968281,26.0035345371,28.3991721601,31.2627647846,33.2833077291,34.8698203879,38.3785922423,41.2872722642,45.9664356499,49.6194121625,52.9247952412,55.7929949616,63.4587168725,70.4004398401,76.47834214,84.3026665103,88.0941568116,86.8759437458,91.566405574,95.4011519906,92.5149527198,95.5819184278,96.5124084566,100.827206919,106.373968104,111.149965165,113.085223554,114.108061526,121.611941766,117.963004815,122.892057106,127.495386607,134.478670922,136.000567686,141.950448619,142.111797532,141.135771556,148.215037209,156.356391023,167.784253043,172.696238584,172.105772002,174.612622945,173.02946536,177.854695047,186.242090153,188.524256244,187.953189472,-0.00029771513073,0.014764088206
Total North America,1428.01306737,1509.74230441,1563.17859831,1659.80152138,1751.25400117,1817.36785133,1855.84014481,1953.13365877,2035.83027651,1999.86824363,1954.12215235,2059.71601264,2117.1873969,2126.9736354,2161.94237299,2107.13218774,2056.73690321,1986.87948086,1972.64625031,2080.81845459,2086.26057098,2089.72867687,2161.59295283,2257.10330642,2318.88998182,2326.24122957,2329.07634409,2369.13310286,2418.0983148,2473.00020944,2520.18445683,2605.94890582,2629.59018856,2644.72809244,2691.62954712,2758.61192312,2698.33347843,2740.44922147,2762.68831714,2820.97912872,2843.18756747,2827.16522814,2871.30248483,2820.79608504,2690.3776031,2778.41326159,2779.74540874,2723.43034121,2786.69374345,0.0260326750577,0.218900203705
,,,,,,,,,,,,,,,,,,,,,,,,,,,,,,,,,,,,,,,,,,,,,,,,,,,
Argentina,27.067,28.095,28.834,29.871,30.722,28.808,30.6918976784,31.3967443544,32.6598976784,34.1191239535,33.2330290537,35.0718976784,36.6028027787,37.1208027787,39.5210435806,39.4257224058,38.060007105,39.1856639815,40.748941259,40.9254961307,39.976247907,44.1332114314,46.0184377065,47.1943792823,45.2379267321,44.6652947959,45.069627506,48.3647478771,50.2283835744,51.4439374301,53.5706478973,57.4618064603,56.9689024769,59.0270808528,57.8692669955,60.2380464259,59.3607207325,56.7253984656,61.1250213574,64.420251365,68.8411391448,71.7501831859,74.722384646,76.5642925507,75.8037471272,78.1499403182,79.7895943643,82.1665952556,84.5435553922,0.0317475274205,0.00664106057957
Brazil,22.0828967925,24.0845029625,24.968351175,28.6097243075,31.261106305,36.814887909,40.4938639171,46.3993005891,55.5416688489,60.7219809081,64.1629656819,70.5186430628,75.209109655,82.9114645628,89.8989115017,91.5268077933,89.5472197962,93.6950922987,95.6743716716,102.781667422,109.346683207,116.624373543,119.780139758,124.227169076,126.666070863,124.960008085,129.19230937,134.334572509,140.044544183,146.873160004,154.159212954,163.242189641,172.500272409,178.846031085,182.321170029,185.780868523,181.997002492,186.06726434,189.734928591,199.85232594,206.51638952,212.423118832,225.853179464,236.038432638,235.20016884,257.380594414,269.340195358,275.954836821,284.04032773,0.0321200527251,0.0223119203001
Chile,5.9668,6.432,6.5605,6.554,7.0762,7.4453,8.02893415396,8.14389767842,7.81664002806,7.80650865276,7.05794002806,7.30771807938,7.6245020048,7.93319103046,8.36996985564,8.4867588813,8.5279902566,8.27059968321,8.43986521247,8.79548128705,8.88922363669,9.24135701679,9.65352054125,10.7890919446,12.1112342942,12.8253714555,13.4852236505,14.9520114047,15.6690941357,16.8082995474,18.1663416429,19.5819795412,22.3939642933,22.3342267102,23.2424409093,24.3833389319,25.3774554673,25.6605235522,26.1165815971,27.2901162548,28.3314014776,30.8082646157,30.7561631569,30.6340754669,30.8752119763,29.9987353212,32.5880013818,34.0194135141,34.6487633199,0.0212901346385,0.00272172759287
Colombia,7.57694382048,8.2458172482,8.77211426657,9.19575190463,9.34457295628,10.1356691283,10.1214508492,11.2389051126,11.3240100205,12.4844687102,12.2215860524,13.0663843056,13.4304769426,14.4279704032,15.488767344,15.7212865091,16.141412201,16.9721781719,17.8912466518,18.3825166384,18.9179080894,19.6002920963,20.8438651362,21.6418837141,22.2116406098,22.881061639,23.351656313,22.9504011446,25.1616982032,26.2484781328,26.9206714815,27.8506088073,28.4102627561,28.0078821792,25.8411813506,26.0951570843,25.6348386167,25.5282989002,26.1969312787,26.7257114516,28.1812849218,28.7740933547,29.4377912934,30.3309048732,31.7638480536,33.0104265599,35.6738860763,36.8338064144,37.9790488337,0.0339170657098,0.00298332818784
Ecuador,0.739,0.78,0.845,0.994,1.061,1.267,1.392,1.558,1.544,1.788,1.782,1.966,2.419,2.493,2.589,3.266,3.634,3.999,3.965,4.454,5.027,5.249,5.454,5.344,5.474,5.539,6.174,6.011,6.427,7.018,6.576,7.416,8.273,8.397,7.90919332941,8.32216042902,8.18219568267,8.60385765398,8.85983375291,9.15126492559,9.7247399012,10.3404536412,10.9222826323,11.6428007421,11.527412114,12.7954976752,13.5728353623,14.3454647553,14.6873055439,0.0266341995448,0.00115371635184
Peru,4.57763373384,5.56166410179,5.65268713444,5.76333117497,5.79394443038,6.05174010881,6.20834227371,5.54031972666,6.27099358384,7.223144454,7.63215257476,7.82939764573,7.87972197332,7.89062382023,8.18384939635,8.7672062472,9.23513862616,9.25611422365,8.07974979007,8.54806733443,8.3721903275,8.9487912336,9.77271102161,9.54171102161,8.74571635164,8.64731491084,8.50655153792,8.37055602822,9.19677454403,9.96435275382,10.8110610556,11.1253555872,10.8678604227,11.2427342075,11.5550140367,11.879594744,11.7716911978,12.1150076896,11.9722215831,12.8301576237,13.3945781742,13.5759774604,14.8703267302,16.1994158844,16.6190101095,18.8822077219,20.6339665013,21.6088528514,21.7725180122,0.0103344628587,0.00171027355827
Trinidad & Tobago,3.04582690239,3.24158430737,3.46374001183,3.57361550788,3.69356443774,3.96216864639,3.87124120921,5.39604602435,5.34810367923,5.15877381545,4.14790510024,4.67182115219,4.85353880617,4.86556799566,4.40656197674,4.15888315156,4.26229922614,5.02707295108,5.14462040096,5.06294157578,5.14884667602,5.47488315156,5.08101452686,5.48810942662,5.38588315156,6.01638371248,6.31695460684,6.66614552821,7.04666915966,7.48962189676,8.12286008103,9.21104913265,8.94328731693,9.35428731693,10.3642873169,10.155637002,11.3505740175,12.0591809497,13.1683749258,14.5268293141,15.9153840669,20.4723548304,21.4023264566,21.0121041206,21.6748730618,22.7706960104,22.5117549774,21.7456835569,22.0206523441,0.0154191218317,0.00172976497561
Venezuela,15.772,16.185,16.906,17.919,18.222,18.288,18.592,20.053,22.523,23.473,23.762,25.745,31.76,31.887,34.096,36.707,37.983,38.876,38.595,39.187,40.413,43.558,43.186,45.139,45.341,48.184,48.553,52.692,51.999,57.5220963451,59.0152389738,57.1359182801,60.4024873387,64.2603815205,62.2958318485,63.2992181977,67.3649991361,67.2618187167,60.506233839,67.4517721425,70.4306410578,76.3030851908,81.1343166636,84.4065984073,82.8980810665,75.8244270069,77.6716780891,79.9293106164,82.8759486895,0.0397062785924,0.00651006679982
Other S. & Cent. America,22.8523148851,24.5315801064,25.8176005067,26.1240752139,27.8588258167,29.2765132529,30.7996667966,32.5324600889,34.7790741823,34.458795571,34.9421347869,35.8183437231,37.2297133634,39.2520101356,40.5300688882,44.4252161548,44.2679587641,42.2043875163,41.3011129075,42.4571211563,39.8768461514,38.9629449909,42.413728312,42.8216492392,46.7210285864,54.6723765551,54.7126075862,54.2977910807,56.7969170926,60.4708819088,63.3699677827,66.9160045669,70.58533023,73.4708816597,74.7747346132,76.8339442142,78.5059500065,80.2197243458,84.8828009824,85.0661003008,84.5369177977,86.2235071741,88.5097291782,86.0922817712,85.6824573553,87.5760970593,88.7376722504,90.2877730925,90.9605433675,0.0102115403861,0.00714512728155
Total S. & Cent. America,109.680416134,117.157148726,121.819993095,128.604498109,135.033213946,142.049279045,150.199396878,162.258673574,177.807388021,187.233796065,188.941713278,201.995205647,217.008865524,228.781630727,243.084172543,252.484881143,251.659025975,257.486108826,259.839907893,270.594291544,275.967945995,291.792853464,302.203417002,312.186993705,317.894500589,328.390811154,335.36193057,348.639225573,362.570080893,383.838828019,400.712001869,419.940912017,439.345367244,454.940505532,456.173120429,466.987965552,469.545427349,474.241074614,482.562927908,507.314529319,525.872476062,550.671038285,577.608500221,592.920906455,592.044809705,616.388622087,640.519584361,656.891736877,673.528663233,0.0281358547509,0.052906986326
,,,,,,,,,,,,,,,,,,,,,,,,,,,,,,,,,,,,,,,,,,,,,,,,,,,
Austria,15.8039790017,16.1913802326,16.2276284564,17.4520300041,18.0195484002,20.5430071826,20.4820640481,21.7103815138,23.3834493829,23.1163309524,23.2765770335,23.929877613,24.2553337548,25.2213982278,26.6685769403,26.6260326669,25.4602235704,24.7084825861,24.5127994434,24.3844985045,25.5227202618,25.7798741148,27.2814946445,26.7153688019,26.9371246583,28.1212653315,29.5065182437,28.930823503,29.4265747764,29.2415120247,30.7113241759,30.8638872437,31.4729888349,31.9554098878,32.5755159013,32.5828066539,33.9284935768,34.138559383,34.743972971,35.3733151706,36.1795674209,35.9720035169,35.1174500938,35.7741374546,34.6686637596,36.0134300528,33.7129928911,35.415228032,34.0214681284,-0.0367229133844,0.0026724524796
Azerbaijan,n/a,n/a,n/a,n/a,n/a,n/a,n/a,n/a,n/a,n/a,n/a,n/a,n/a,n/a,n/a,n/a,n/a,n/a,n/a,n/a,20.5163001812,22.1182183256,21.45009753,21.4635844969,21.9111795139,22.5793994656,21.8988527728,18.7005812588,16.1205863103,14.7696892441,13.9406097419,11.4177974036,10.9228759704,10.9499834369,10.9553962956,11.4012372921,11.0693568272,10.9188327184,11.8015169308,12.6029471676,13.800986664,13.5620575441,12.2692682372,12.3439192904,10.8762463938,10.6908001834,11.9225147391,12.2728259541,12.6882492438,0.0366814956069,0.00099668663461
Belarus,n/a,n/a,n/a,n/a,n/a,n/a,n/a,n/a,n/a,n/a,n/a,n/a,n/a,n/a,n/a,n/a,n/a,n/a,n/a,n/a,34.5300527573,39.4306192512,40.2546519266,40.8369093022,39.577328295,38.1067353806,37.7536039023,35.9046956078,28.7282772061,23.9509572562,21.7050474299,22.2954874105,22.6643457927,22.1527179719,21.3981449829,22.0797470518,21.8272556272,22.5527127585,22.4812384765,24.3567997014,24.1713077932,26.0203694796,25.0666446212,25.302181075,23.8920527498,25.3759991641,25.1859674868,25.2457704839,25.2893404,0.00447028456256,0.00198652688414
Belgium,35.2338902906,33.9268302428,35.6130924149,39.698867569,43.5447032899,45.9602356968,45.0651748884,47.922770722,48.5795151298,46.9033278785,43.892938008,46.5171814828,46.5728559768,48.5949525252,50.0544854434,47.9307784452,45.5682702136,43.5840403872,42.0586084338,43.9129711548,45.74540155,47.1515315149,48.5686712382,49.5195769497,49.9348207996,52.5118490047,54.5292185329,54.8267079608,53.5361123682,56.0565348292,56.6974783693,60.4879719207,61.2988031519,62.6944043095,61.8573735182,63.4046003416,62.4619000791,62.5910507726,65.3067604274,65.1457483469,64.6880500187,64.7623868382,64.9632013257,67.6939146188,62.6202947523,66.7880203364,63.7858471626,60.2522136702,61.6693231631,0.026323787868,0.0048442450352
Bulgaria,10.206,10.946,12.737,14.271,15.882,17.852,18.545,19.083,19.822,20.414,22.544,23.826,25.091,26.012,26.998,28.46,28.011,28.692,28.844,28.672,28.53,29.12,29.339,29.95,30.267,24.5776,20.1255,18.455,19.9872,19.5074,21.3853,21.4261,20.4217179391,19.5883618364,17.499544988,18.1343896592,18.924896624,18.3440997194,19.4412531837,19.1075026384,19.640535308,20.1499500928,19.5948355569,19.4975692945,17.0804762275,17.8410823596,19.1102416165,18.0710878445,17.0927378167,-0.0515475682914,0.00134266773239
Czech Republic,40.119,40.439,39.794,41.484,43.335,45.232,47.467,47.762,48.034,48.518,50.451,51.945,53.84,54.627,55.252,53.899,53.317,52.647,52.279,53.939,53.502,54.12,55.265,55.522,53.741,49.976,45.867,40.509,39.1420067883,39.3659189935,41.3646413993,43.0830723175,41.8317798796,39.9878234602,38.629545866,40.123984206,41.6153053808,41.5812324297,43.6647798796,45.424994325,45.1733603838,46.0665095895,45.696184672,44.3872914757,42.0133351584,43.8178852423,43.1552898266,42.4330338871,41.9127477115,-0.00955521408468,0.00329232774675
Denmark,12.497,14.234,14.76,16.159,18.612,20.322,19.399,20.415,19.426,18.094,18.236,19.276,20.079,20.108685682,20.102371364,19.528399887,18.230399887,16.7202283723,15.906661071,16.7150552911,18.3658939204,18.8842472478,18.1655266225,18.1867731513,16.5834260471,17.0780083374,19.8599657869,18.3455420487,19.6064354025,21.0739470383,20.7611422139,24.7261648331,22.4338342377,21.4705325331,20.8357361587,20.0471686616,20.0471592426,19.9188048997,21.4087412613,20.4614322771,19.5653445918,21.6602814074,20.5883231072,19.8126170643,18.5119106027,19.4924233142,18.4675255625,17.196111457,18.0549875283,0.0528225116432,0.0014182543382
Finland,9.876,11.174,11.718,12.776,14.15,15.37,15.761,15.889,17.582,16.76,17.134,18.273,19.17,19.842,21.337,21.248,21.135,20.543,20.946,21.282,22.158,22.343,23.773,23.5,23.374,24.2949200177,25.4441438933,25.1434422944,25.4318024595,26.7233198233,25.7686316665,27.1336706756,27.1106562675,27.7010780825,27.7275407576,28.094302887,28.5114009575,28.5292397574,30.7194553546,30.7864526657,28.4413469581,29.7678275898,29.7668615665,29.0288688558,26.9558840977,29.2160098401,27.1879896438,26.4763848661,26.1142594869,-0.0109750432894,0.00205132574774
France,114.778021949,116.532721772,125.03772856,131.335910305,144.615909988,155.788658325,161.222993121,171.595194031,186.898220392,184.941360139,171.88830649,183.343566185,186.454019595,193.018071073,194.551789293,191.118025365,189.114602322,185.068929131,185.613917274,193.048119518,195.757537811,202.000956012,206.069661583,206.900932299,212.156493596,219.658694335,231.971133956,234.287595109,233.54424931,230.700246151,236.854351474,245.163542572,241.618411623,247.749561701,252.23148795,255.244487679,258.666950575,256.644909765,260.606057863,264.723943897,262.949305067,261.701753935,258.00979924,258.777431766,244.946803951,253.329776157,245.038507296,245.294807749,248.372199586,0.0153197841719,0.0195101182908
Germany,256.112418609,256.326506404,255.302002851,272.485820157,293.724018011,309.573611703,311.086081239,320.799681979,339.665338743,331.396597864,319.869548034,340.18830127,341.16747525,352.189025383,371.338356608,355.864785668,343.8514479,333.59324207,333.99958034,347.80513373,358.856335959,359.837640167,360.957718942,362.232887361,354.524799451,349.561855999,340.078275241,335.706048332,333.537308549,331.250516179,333.282255781,344.245107526,338.55556433,335.730967281,329.984441915,333.006614608,338.747501063,334.03686514,336.977675657,337.217104539,333.179171904,339.623905186,324.563845484,326.863021788,307.80175161,322.5212201,307.519995414,317.065847284,325.02048084,0.0278967302293,0.0255309902132
Greece,6.73,7.37,8.11,8.425,8.898,9.896,11.797,13.237,15.238,14.825,16.903,18.673,19.36,19.666,17.238,17.215,16.598,16.675,16.825,17.626,18.729,18.775,20.5622262751,21.7752262751,23.5312262751,24.3569525501,24.3935525501,24.9008364755,25.5087612029,26.0358984523,26.8818196271,27.2545459022,28.1617721772,28.8522795194,29.6834172348,31.786253972,32.0674105951,32.1310900816,32.1863805575,34.2737900615,34.0114216994,35.2344792585,35.0721229673,34.6212697393,33.3972291126,31.3767451738,30.7497979068,29.2709002022,27.2422986902,-0.06675452739,0.00213993550278
Hungary,15.652,15.921,15.139,15.704,16.789,17.929,18.561,19.043,20.561,21.108,22.386,23.925,25.053,26.737,26.438,26.385,26.114,26.206,25.727,26.33,28.04,27.852,29.109,28.253,27.645,27.3183,25.8532,23.9287,23.7788,24.5175,24.6475102005,25.2936102005,24.6290627506,24.6734839254,24.4349364755,23.6004627506,24.2645941259,23.8709415758,24.3300420329,24.4114554923,24.9177207131,23.8700344661,26.3457024345,27.0168520602,25.2020964477,24.9884329748,22.6288823163,21.9969033836,20.4180509932,-0.069233044982,0.00160387752112
Republic of Ireland,4.86815789474,5.41410526316,5.83057894737,6.64168421053,6.71657894737,5.17657894737,5.36226315789,5.78926315789,6.38873684211,6.34694736842,5.82542105263,5.93421052632,6.35842105263,6.74989473684,7.62284210526,7.39147368421,7.24473684211,7.12857894737,6.98431578947,6.98926315789,7.13747368421,7.99589473684,7.95826315789,7.88336842105,8.23989473684,8.52889473684,8.98542105263,9.03621052632,9.33230900122,9.75616694574,9.99215110649,10.7548921121,11.3282627959,12.3055904874,13.1917834548,13.7430840386,14.6694591574,14.5326394533,14.1916655202,14.6192728877,15.0971118704,15.4148494818,15.9238966376,15.7412691316,14.3908697832,14.4200366113,13.3187636331,13.1579358059,13.3391493292,0.0165496431291,0.00104781612754
Italy,80.015885188,87.1202564149,94.0855043219,101.341416844,109.629620854,121.099933973,127.240693171,131.423111146,137.016534959,136.219585012,132.130074671,141.671732498,141.205907454,144.192433588,148.463989094,144.578083677,142.705552971,139.057100104,136.961743087,138.162334751,138.305153958,142.262116215,146.887676924,149.763333167,153.524756664,154.719966814,158.129433241,158.284456785,155.761337561,155.606754399,162.17488493,162.397327291,164.26020897,168.585271123,173.904222089,176.073858705,177.145499471,175.843554306,181.882654197,185.255995515,185.599929819,184.897349934,181.974937389,180.208218505,167.917515026,173.209256346,169.459590203,163.202013381,158.782058165,-0.0244171973318,0.0124726388603
Kazakhstan,n/a,n/a,n/a,n/a,n/a,n/a,n/a,n/a,n/a,n/a,n/a,n/a,n/a,n/a,n/a,n/a,n/a,n/a,n/a,n/a,67.5466622318,69.139588494,70.7062006237,73.2784985847,72.1007312346,74.3162348477,73.163433923,73.7264359664,65.3104874105,57.9566045642,50.819634421,41.7576025853,39.0698938622,36.4874657151,33.4152876144,37.6347543922,38.7920563492,40.3756743149,43.9650488654,43.8679061928,46.4505948137,49.9240984894,53.1705681583,54.0930437156,50.7863491571,50.8173229656,56.7137052051,60.8500088438,62.0286107534,0.0221617594361,0.0048724678345
Lithuania,n/a,n/a,n/a,n/a,n/a,n/a,n/a,n/a,n/a,n/a,n/a,n/a,n/a,n/a,n/a,n/a,n/a,n/a,n/a,n/a,15.2787122029,14.0512806549,14.7631564757,15.4507629796,16.7244634397,17.0881104131,17.6534266398,10.8731005409,8.21134886279,7.1965256496,8.08211062447,8.8832507644,8.54175114269,9.1033567,7.69267787482,6.88277512785,8.00910508214,8.51182545142,8.94914594741,9.04896164268,8.33121374393,8.01337494988,8.62607794443,8.55022013685,7.84007984677,5.89861152963,6.11575778668,6.12739046342,5.66913695162,-0.0722528845072,0.00044532172615
Netherlands,36.0836222413,38.4218999713,40.6113813414,45.0778135569,50.4130758097,56.5621294067,59.5219848094,69.0116765549,73.2958356263,69.497174262,70.0717870073,76.444665392,75.0429736842,75.8309036882,78.8747908938,74.0610407275,70.1403557359,65.2979511027,65.2380280341,68.0553320905,70.5263433596,73.5419210778,74.9788507172,75.1902425004,75.3815253714,77.2540097561,79.521208958,80.1686969707,81.2228578121,80.9676917912,83.5049021851,86.5072424978,85.5711532902,86.1105927764,85.0978534056,87.1745251337,90.8994938232,90.7181449891,91.5827068067,94.5013854857,96.2032982307,95.5862927061,95.1486698354,93.1917859692,91.7937946706,96.1431830691,91.5282357394,88.4226775304,86.804035,-0.0156161664054,0.00681862561032
Norway,17.038,17.481,18.76,21.009,21.115,22.151,23.371,24.78,26.185,26.208,26.601,28.514,26.335,29.599,31.573,30.106,31.643,31.354,34.271,34.794,34.5311436585,33.8406710294,35.3655273709,36.402147398,38.7578619508,39.5931213942,36.5326608729,38.4996368999,39.709895291,38.7126205135,40.7954084777,37.6033261946,39.7234610168,41.0958695195,42.0616584329,46.2676587828,41.949225997,43.6192506091,39.1544982379,39.8528311912,45.998522253,42.3982179554,46.1120698949,47.085748556,43.8991138506,42.1019813243,43.2203302241,47.9312321358,44.9814349318,-0.0589711591601,0.00353337917477
Poland,66.5818427841,67.8768625153,69.8402000724,75.1413686926,80.2835354573,84.6978172603,87.4497768928,92.2394250351,93.9398144997,97.0331767208,104.691434312,110.308935421,114.990552654,120.730153822,122.569284564,128.377115219,115.726493596,117.930058832,118.570860162,123.332545775,126.134765217,129.726101462,133.93813572,131.378528805,126.359111735,105.778419918,101.697717653,95.2414222143,97.065734821,96.2299936817,96.5483688528,101.012643597,98.6730848707,95.1381921424,93.0517091872,88.531624686,88.9476602245,87.6839200512,90.0918260771,91.38301169,91.1732981805,94.7193343059,95.7021778405,96.1910105661,92.1151444907,99.5084610746,99.7982112337,98.6762818178,99.8729906865,0.0149005763233,0.00784521736205
Portugal,4.29128230076,4.75308222836,5.09165841517,5.21150572476,5.85237892022,6.43238760918,7.29747445355,7.86095415667,8.52271982622,8.82701068018,8.73882404851,8.66922197583,9.80700561162,10.3277554872,11.1336012128,10.6980026248,10.4510460696,11.4779247862,11.7807250305,12.2869765579,12.078557949,12.9866285469,13.0070285107,13.8127804227,15.2067172243,16.1320264733,16.7013841236,17.0848484373,17.4391038502,18.0791388268,19.3103502592,19.691143756,20.7857729661,22.9849601,23.5354042049,25.1596774659,25.3526107156,25.3838364952,25.6636922694,25.3116343219,25.4870393879,25.4113824104,25.2797336542,23.653252958,23.9868593257,25.135611895,23.8480278283,22.2127017253,23.7601701702,0.0725965201855,0.00186640757602
Romania,25.157,26.85,29.921,31.791,36.579,38.841,41.212,43.489,47.171,47.89,52.231,56.217,60.195,64.998,65.564,66.67,66.708,66.642,67.426,66.768,66.569,68.277,70.754,71.729,72.648,60.5574667449,50.691,48.4644525501,47.2632262751,45.37,48.588,48.164,45.2074890257,41.3014890257,36.942,37.004,37.283,38.5976788252,37.7936788252,38.9676831981,39.7634453451,40.5663263137,37.5454740969,38.5029522559,33.9448271087,34.3179953304,35.3772497623,34.2861941147,33.0364485301,-0.0338105410337,0.00259507726878
Russian Federation,n/a,n/a,n/a,n/a,n/a,n/a,n/a,n/a,n/a,n/a,n/a,n/a,n/a,n/a,n/a,n/a,n/a,n/a,n/a,n/a,816.939829529,830.831233455,860.042304491,874.360664753,878.062240502,863.758947151,852.529203088,821.648377034,767.259309672,704.057796029,664.013697968,637.378926771,602.29271126,602.310826171,608.276929091,619.443340417,629.503158418,628.223564645,642.187235975,649.209344181,647.963362448,675.661296537,680.108114625,683.497600669,647.824445168,674.066510479,695.858769095,699.291306838,698.997228089,0.00231803557836,0.0549075901508
Slovakia,8.895,9.22,9.291,9.925,10.504,11.536,12.248,12.739,13.218,13.886,14.669,15.52,16.452,16.924,17.784,18.399,18.353,17.986,18.191,19.429,20.337,20.608,20.477,20.465,21.0,20.444,18.595,18.094,17.0724763685,16.636,17.263,17.521,17.1207145528,17.6008582113,17.5423837125,18.1326218968,18.6091094838,18.7236331152,18.128367373,17.6005267345,18.7535963006,17.8617883835,17.2033310434,17.6843597059,16.0334893756,17.0258518188,16.5085254326,15.9841122149,16.552861147,0.0384193509817,0.00130025937688
Spain,28.339,32.1984744988,34.5017956736,36.6319489976,41.2080877947,44.4833214916,49.1281042223,52.5480167444,57.9781910667,60.1492717563,61.9129057338,65.8717039417,67.6838485767,69.0285641942,73.3213230755,75.2534838213,74.8422646513,75.3346655655,76.5233459746,77.3213827669,77.6991778069,78.526110377,81.0839932117,84.0469496312,88.9501599326,88.587354115,90.3432878607,94.4665501126,93.0920577824,96.0916677738,101.796322519,105.576355784,112.696804713,119.563333561,123.264381096,129.420673206,134.290830168,136.474961855,144.410155949,150.136267597,151.706207684,153.622492117,157.531393452,154.024702516,143.869918299,144.72236461,142.400021328,141.085402872,133.678006262,-0.0499070435762,0.0105006666854
Sweden,30.637,33.039,33.337,35.939,37.389,40.2014157578,40.7952040096,42.3631381636,44.9382837489,41.7437801964,44.0571452686,47.0541013712,46.2504590216,46.7198766357,48.3672927267,46.0466301609,46.2978605662,44.2477697449,44.8826179381,47.8251852142,52.0079227241,53.0171002466,53.3167720659,52.4981765255,51.4087148973,52.6108168334,51.6409131873,52.0105447008,51.2708694412,51.3192342379,51.6322860857,50.3484422584,52.0794225389,53.2935552333,53.2906437048,50.2465084853,53.8376905462,50.8898865909,49.202871521,53.4424187627,54.8433068607,51.5134922885,52.6449370548,52.4453780129,48.0689695413,51.7547670261,50.8815431869,53.9618687281,51.0112712588,-0.0520893856883,0.0040070344694
Switzerland,14.6566139295,15.7177746753,16.7423586007,17.5945848758,18.2881688012,20.1180380595,20.8008708422,20.237557406,22.4398860026,21.1908492103,22.0901552247,21.2530751686,23.5187100964,23.1885348237,22.6537756257,24.6325787211,24.5175851926,24.0026804091,25.0384538173,24.2697314115,26.1724977146,27.5161545911,27.313855365,27.5140887451,25.7933514957,26.8890968005,27.6115716161,28.0430606417,27.9484609223,29.3319864235,27.8567817803,26.9478411549,28.8024538173,28.9891400643,29.9649790017,29.2455790831,31.3315875911,29.2915406616,29.0767014074,28.7671076617,27.7072581875,28.9210266247,28.645757252,29.6841444918,29.686629178,29.0139738819,27.4622019645,29.1045894614,30.1531884126,0.0388670824468,0.002368591493
Turkey,9.214627506,9.19760555732,9.80014558537,11.0775032357,12.0832769607,13.07156166,14.3146565597,15.8605981355,18.1625761868,18.8298389374,20.5467805132,23.3364302847,24.8173279631,23.8099996832,23.6378098837,24.2227734082,25.2358902566,27.418,27.399,29.9320006788,31.2453576504,34.2458655926,39.251901326,43.0338772141,42.6048648188,46.2498246323,47.9858851247,50.3783062995,54.743120858,53.2543157578,59.077460601,64.597027868,68.4421604426,70.1209875232,68.3670627959,73.5818671222,68.2817144454,73.3360335521,78.3975512694,83.1545724936,86.0974611712,96.227799018,103.139001353,102.813172784,103.721406843,110.384663076,117.58768259,122.692894013,122.792498611,0.00355377071537,0.00964558962733
Turkmenistan,n/a,n/a,n/a,n/a,n/a,n/a,n/a,n/a,n/a,n/a,n/a,n/a,n/a,n/a,n/a,n/a,n/a,n/a,n/a,n/a,12.8620423879,16.1010873825,16.1731169562,16.3307792747,16.5777431708,13.6928277808,14.0243636963,14.2371763051,11.2314048658,11.9736290083,9.85529634232,12.0578747115,12.0553661443,12.3805775542,13.5537546808,14.9976645071,15.0446816678,15.9126473745,17.7460486255,18.6034714635,19.615423274,21.513622374,24.351957222,23.90037351,23.1009074453,26.0854006639,27.0126347493,29.9104048001,26.3363509614,-0.117079637945,0.00206877151504
Ukraine,n/a,n/a,n/a,n/a,n/a,n/a,n/a,n/a,n/a,n/a,n/a,n/a,n/a,n/a,n/a,n/a,n/a,n/a,n/a,n/a,233.721971541,235.304737145,240.456409203,241.142254617,231.471672374,269.858353383,245.970477066,215.742832517,181.950248712,155.627224837,145.891353472,139.537344349,137.024446553,131.926622895,134.665807348,135.079637574,135.093991625,132.995157171,136.614116514,137.519223,136.088437678,137.491599384,134.481798214,132.974954393,112.903668821,120.949945374,125.787855805,122.744096137,117.48448017,-0.0402279272675,0.0092286337167
United Kingdom,196.827580577,197.524383672,197.210353668,204.346195773,211.795751595,216.677383672,212.767225777,215.761225777,226.34644368,214.981165769,202.83644368,206.803383672,210.553691587,211.397165769,221.064661583,201.446691587,195.78490949,193.106383672,193.662383672,193.482612233,201.652920148,207.140108047,206.858413676,209.340582229,209.366915961,211.186700638,215.683074761,214.267424809,216.588840793,213.738286781,214.469784541,224.936509481,220.705661311,222.737732049,221.529767604,223.908445089,226.579615673,221.691183713,225.386903702,227.265887145,228.155252371,225.42686236,218.248635647,214.4846951,203.899251901,209.181505744,196.345165918,201.648823376,200.036455199,-0.00527810212225,0.0157132521272
Uzbekistan,n/a,n/a,n/a,n/a,n/a,n/a,n/a,n/a,n/a,n/a,n/a,n/a,n/a,n/a,n/a,n/a,n/a,n/a,n/a,n/a,45.0142107598,44.8269585158,46.0024199043,47.5361453936,48.8621111965,47.90888977,48.458125139,45.5271079882,48.2838590542,47.3762990429,46.4367047302,47.0026488498,49.2469815142,50.5353656225,52.2081897115,50.5758570471,53.6890481019,55.079928063,50.8793484718,49.3535415336,46.1938263004,46.0144072867,48.7642781318,52.3395526617,46.7384342095,48.0170932379,51.0894052913,48.9308908372,47.7859592724,-0.0207233335823,0.00375368003733
Other Europe & Eurasia,640.855205527,681.462307834,712.890937926,736.888107417,758.576856766,796.295958843,837.255670352,886.012923326,926.420378398,975.74257413,1022.87672408,1070.7333596,1117.57778242,1169.54783019,1200.74409361,1185.41290823,1200.86861736,1232.84908518,1256.23733797,1301.7642786,116.256278666,116.899902813,118.628569979,124.326977073,120.916075761,123.910878041,108.264048838,94.4989109753,83.6755025814,74.5462348603,75.0276861709,79.1254654648,81.6051082641,81.1611622088,75.1045656884,75.6549728857,78.1057565132,80.679317755,84.8465366432,89.7651706064,89.8037701743,87.5653625766,89.8086695393,91.42767132,88.5692635198,94.5438457296,93.4942117087,91.3731598856,94.2608819317,0.0344299264252,0.00740437535569
Total Europe & Eurasia,1680.4691278,1749.33819128,1812.35236683,1908.40775736,2018.0045116,2135.81103959,2208.15123754,2317.57291785,2441.21292448,2464.62199088,2495.86006515,2628.2287464,2701.8313647,2799.06024551,2883.35304402,2825.57080389,2797.91925663,2802.27012089,2829.87937804,2918.12742144,3022.27026363,3084.25154702,3158.75964444,3200.34041637,3194.1403111,3197.20752067,3141.46260172,3039.93252486,2922.78056631,2807.02161111,2787.13629715,2805.1918235,2766.35472201,2777.23955263,2774.47414274,2818.26518141,2859.54751973,2853.82271799,2913.81862879,2961.51169959,2967.75047462,3017.1425344,3011.46571829,3013.61318144,2839.05768242,2948.75020669,2932.27344055,2942.5850998,2925.25935942,-0.00316433701664,0.229784801602
,,,,,,,,,,,,,,,,,,,,,,,,,,,,,,,,,,,,,,,,,,,,,,,,,,,
Iran,7.94678084953,8.74085905503,9.7058803396,10.7656567892,11.8998565447,14.3308054096,15.8756404964,18.0552543243,21.3696396544,24.1275017283,27.2541938307,30.6943491187,34.7419463842,36.80973364,38.848747924,34.9228114605,35.1257030554,39.4336593341,46.8807591126,51.1078628028,55.9894199924,52.4735915529,56.9521917195,59.9451786241,67.5976675759,76.1966214142,83.5211106995,91.887730657,81.8286095018,92.6239216786,97.5939862822,104.381672261,108.700419682,113.946505051,122.347461617,128.381030244,136.135990232,148.298311225,151.06581692,166.07649555,177.30718655,193.674402869,207.776095718,217.168285903,226.952896734,227.357419526,237.636327532,238.75362771,243.883874027,0.0242862123996,0.019157551229
Israel,4.18721770814,4.38773326597,4.5844880056,4.8089549349,5.01654834316,5.21713098924,5.43038349908,5.64708375567,5.94565117999,6.05245688994,6.25433437178,6.63334652891,6.97801522177,7.45717421132,8.17844378595,7.93573299122,8.084287482,8.39230526961,8.45610308477,8.62198963231,8.41000786801,8.82701139619,9.74388610361,10.432547547,10.8149054018,11.1012925869,11.5340018049,12.5986382082,13.1928829275,14.5295985369,16.1612622179,17.0556258383,17.1986045112,18.3373096755,19.006049499,19.7566285126,19.7415701057,20.0610906951,20.6588429365,21.0243692068,21.6015728032,21.7887522106,22.9302274478,23.8077853417,23.1496058236,23.4180475917,23.9545729735,24.7608514673,24.2373519134,-0.0184604246169,0.00190389109775
Kuwait,6.334,6.266,6.21,6.166,6.134,6.242,6.209,6.925,6.928,6.684,6.018,7.172,7.365,8.111,9.935,8.008,10.044,9.88,10.93,11.695,11.802,13.499,12.504,14.155,15.191,9.177,4.124,7.916,9.972,12.231,15.434,15.278,15.8494332344,19.0526952522,19.5206332344,20.4448706528,21.6183814101,21.6796664688,25.5261694529,28.4961874584,30.5091591543,28.9468155291,28.7519021938,30.458116296,31.5452859696,34.6523094121,35.7235381852,37.9641784843,37.8164944143,-0.00116102176253,0.00297055905685
Qatar,0.12,0.121,0.172,0.554,0.872,0.998,0.994,1.099,1.56,1.356,2.213,1.64,1.859,1.729,4.358,5.382,4.509,5.477,5.424,6.635,6.775,7.354,7.503,7.117,6.985,7.385,8.341,12.893,13.709,13.814,13.895,14.181,15.046,15.304,14.525,10.7174746785,12.258453996,13.0104911126,14.0855807096,16.9006410206,20.7453466798,22.190958478,22.7584337541,23.5586835295,24.0330870586,24.9262930879,28.5670792268,29.0961015474,31.759083274,0.0945141389966,0.00249473773874
Saudi Arabia,20.146,20.429,20.737,21.074,21.448,21.884,21.817,23.396,24.957,26.488,20.798,24.133,28.748,32.038,38.997,38.678,46.065,50.556,54.13,62.314,63.671,68.581,72.34,74.5291011217,74.7591460809,84.3139438217,89.5803483137,89.7562696679,92.5631460843,101.091674176,98.3234207344,103.433426984,106.287695871,112.540412107,112.980421812,117.87178761,122.993567433,127.62484156,135.755894381,147.365792521,152.308302982,158.490371321,164.971686089,179.079530652,186.399426469,203.136638253,208.118189838,220.649989902,227.674042158,0.0346603989601,0.0178842376918
United Arab Emirates,0.0110974025974,0.0117714285714,0.427414285714,0.580374025974,0.591515584416,0.878441558442,1.333,1.421,1.837,2.008,2.123,2.677,4.435,5.129,6.002,9.51,11.142,12.037,11.545,14.466,17.981,21.792,24.33,26.782,30.249,30.611,37.38,36.068,37.536,41.296,43.158,44.6,46.614,47.758,48.179,47.928,53.465,52.752,56.216,60.094,62.331,65.307,72.450678,82.897722,80.8565066067,84.8608582133,89.2025426527,93.2953755803,97.0962094827,0.0435911305249,0.00762709602714
Other Middle East,9.50890718474,10.1203791739,10.5464472128,11.1254824922,11.9876588892,12.67361605,14.2767218882,15.4415082688,16.3331973733,16.8473490616,17.8937121812,20.0605434463,20.9032517091,23.1474351704,27.3060622643,27.4588773819,30.2281020076,32.267966788,32.4985666248,35.784892515,38.5844712292,40.8369026588,41.2769026588,45.5509465561,47.6232344662,50.6335046386,49.5228085148,54.3968524122,58.2264133053,60.9370722027,64.5371366544,65.6287556186,69.3257659345,71.5801494277,75.9331825393,75.91704347,78.5552900972,82.058395591,82.9254375325,86.2490145124,91.7247492182,89.6622665855,94.0237177647,104.058950621,106.744465722,116.055603968,113.919976026,119.850526702,122.875579596,0.0280490908772,0.00965211540461
Total Middle East,48.254003145,50.0767429235,52.3832298437,55.0744682423,57.9495793615,62.2239940073,65.9357458837,71.9848463488,78.9304882077,83.5633076798,82.5542403837,93.0102390939,105.030213315,114.421343022,133.625253974,131.895421834,145.198092545,158.043931392,169.864428822,190.62474495,203.21289909,213.363505608,224.649980482,238.511773849,253.219953525,269.418362461,284.003269333,305.516490945,307.028051819,336.523266594,349.102805889,364.558480702,379.021919234,398.519071513,412.491748702,421.016835168,444.768253274,465.484796652,486.233741933,526.20650027,556.527317388,580.060566993,613.662740968,661.029074343,679.681274383,714.407170053,737.122226434,764.370651393,785.342634866,0.0302518252283,0.0616901889443
,,,,,,,,,,,,,,,,,,,,,,,,,,,,,,,,,,,,,,,,,,,,,,,,,,,
Algeria,2.143,2.565,2.422,2.599,2.895,3.157,3.418,3.847,4.603,5.101,6.14,7.161,7.879,10.001,13.181,15.817,19.441,22.303,24.319,23.134,23.249,24.804,25.374,27.365,26.6,28.056,27.864,28.364,26.455,26.897,27.959,27.996,26.48,27.536,27.865,26.82,27.749,28.564,30.04,31.068,32.6163465408,33.514137453,35.3921598632,37.482263842,39.6470860705,38.5567455854,40.7174900801,44.7607168122,46.6201707698,0.0443956367671,0.00366210495122
Egypt,7.7751,8.1864,6.9774,7.5104,6.1209,7.6495,7.8335,8.7059,8.2453,9.347,10.372,12.436,13.446,14.311,15.708,17.958,20.451,22.827,24.793,27.054,28.02,28.92,30.19,31.211,33.034,34.151,34.609,34.714,35.199,36.048,38.257,40.226,41.856,43.767,46.9162568953,49.6577128867,52.527711273,53.4820834502,56.8765896728,59.5548273974,62.4586447029,65.8905015613,70.0971888944,74.2737960357,77.026413133,81.5601784858,83.0033899172,87.5737173511,86.7534153821,-0.00665292516351,0.00681464932859
South Africa,30.263,30.438,31.671,33.42,34.396,35.934,38.6588118256,39.8839775572,42.7243504532,44.1356046612,47.0175481226,49.0697760035,50.2962524817,49.7799982736,51.4431074666,55.1479063112,64.2058061479,69.0855922464,70.0106357565,76.488481825,78.1261425008,79.5685208475,80.8101154579,88.9411972742,84.9251268679,86.387078747,85.7090731246,82.5174979829,84.7571008591,90.1600850366,95.0178122269,100.026776531,103.283239115,103.135740717,101.825673465,101.207120032,100.274005162,103.696853752,109.413689881,115.323907974,115.125685483,116.899746794,122.783570652,129.351479685,123.613030383,125.115182543,123.044959371,122.555558198,122.406562137,0.00152065220755,0.00961527321488
Other Africa,19.0203495334,20.761943357,22.042501441,23.4954406171,25.2771948179,27.1113595112,29.9227262258,32.8669939492,35.8574225801,37.4775629241,38.4542809954,42.8099285394,45.5313366336,47.4649973874,52.3851905296,55.9258284003,57.1881973397,58.7995862253,58.4767622117,56.8891161264,61.0745082949,62.0801627077,64.079006368,67.7954802278,71.5624460525,73.7508082071,73.7199251472,76.5306402492,78.8280588884,81.3592914487,83.6492288716,86.2595623693,88.6549158045,91.4416401092,93.3180066919,96.7527595838,102.288051251,106.679326936,108.154946616,116.871236357,123.194996951,121.953648963,126.854731013,134.351214446,132.084002755,144.189975187,139.96534403,147.523989475,152.337128272,0.0354552567005,0.0119663774967
Total Africa,59.2014495334,61.951343357,63.112901441,67.0248406171,68.6890948179,73.8518595112,79.8330380515,85.3038715064,91.4300730332,96.0611675853,101.983829118,111.476704543,117.152589115,121.556995661,132.717297996,144.848734712,161.286003488,173.015178472,177.599397968,183.565597951,190.469650796,195.372683555,200.453121826,215.312677502,216.12157292,222.344886954,221.901998272,222.126138232,225.239159747,234.464376485,244.883041099,254.508338901,260.27415492,265.880380826,269.924937052,274.437592502,282.838767686,292.422264138,304.48522617,322.817971729,333.395673678,338.258034771,355.127650423,375.458754009,372.370532341,389.422081801,386.731183399,402.413981836,408.117276561,0.0169512610882,0.0320584066212
,,,,,,,,,,,,,,,,,,,,,,,,,,,,,,,,,,,,,,,,,,,,,,,,,,,
Australia,34.6309212051,36.3305551999,38.6054674479,40.9108506465,42.4548387201,46.3775065802,48.6393630801,50.8561629038,54.5751609961,58.3121126949,59.4301653189,61.7155915874,64.8277089022,65.9704065709,68.5792937627,69.4419879253,70.7309612961,69.6674845442,68.8558256119,71.822049284,72.8226708664,76.2752164927,78.4644212894,82.1410712403,85.9905438164,87.5215666197,87.0666603878,88.2939839149,90.9595327558,94.5825490144,97.3975674677,100.193542648,103.107442971,104.958776823,106.355675044,107.111136151,110.362357998,113.473437482,112.624604237,115.321911793,119.014335622,125.116738794,125.840106525,126.113217271,123.145728911,122.791643646,124.074668728,118.034127542,116.033204826,-0.0142587870359,0.00911463331431
Bangladesh,0.03129502,0.03229591,0.03335554,0.03441838,0.03540905,0.03627835,0.0765981354935,1.26759813549,1.56989704485,1.71798483957,1.90765592614,2.15977987962,2.1948822012,2.38349518034,2.6858234602,3.00591835996,3.29842191248,3.42134185636,3.4697940897,4.14696872879,4.50121726931,4.82582377698,5.356984206,5.87873566547,6.56217305517,6.68502715301,6.78061850025,7.29011494773,7.83757523646,8.40865497579,9.96317432231,10.1102172693,10.6906917681,11.0487279269,11.0464871249,12.7767085806,14.1819196952,14.7247391412,15.6352087019,16.2484884196,17.3576820795,18.6500297698,19.4439407001,20.5632798835,21.3522279245,23.2986941319,24.7273522653,25.979948188,26.6777655892,0.0296731609851,0.00209559034556
China,131.37,142.768,128.4,129.625,157.809,202.133,239.68,258.302,272.51,280.897,314.648,331.27,361.317,396.208,407.726,416.424,410.352,428.354,455.899,490.297,530.377,559.533,600.652,643.233,671.408,664.565914243,691.611014167,721.428398569,769.982111983,817.150093063,886.522641772,915.827340309,932.434270275,918.224520823,951.657635478,980.279394769,1013.34269391,1073.782887,1245.25154234,1466.7733261,1601.1496737,1767.90240433,1880.05663169,1971.41003192,2104.30861814,2339.6361118,2544.75977369,2731.07826077,2852.36071946,0.0472696609795,0.224058479071
China Hong Kong SAR,2.243,2.429,2.869,3.101,3.641,3.915,4.124,4.692,4.862,4.976,4.676,5.526,5.979,6.206,6.346,6.495,6.917,7.593,8.044,8.231,8.556,8.954,9.838,11.324,12.106,11.773,12.194,14.347,15.663,14.128,15.19934,15.38606,15.67967,15.9762,16.0241086338,16.75754529,21.3545433133,20.8105611445,21.427534754,24.0744560632,23.112099881,24.499148492,26.0909790051,24.3421904874,26.5359901523,27.618579757,28.2508195613,27.1556762297,27.8904168095,0.0298704653978,0.00219084648415
India,52.7296338028,54.3453380282,55.9960422535,59.807211268,66.287211268,64.8385555009,66.95622993,70.533332042,71.927532042,76.31603838,81.945317606,85.923546831,90.847023944,94.168421831,99.538126056,102.503905282,113.06184168,112.66035312,117.83422074,125.7580798,132.66304144,142.21926429,151.70541612,164.54093446,180.0663099,180.726830971,190.734264826,201.139766662,206.376459414,217.438638369,236.231011097,251.805568032,261.074501907,272.640652254,280.813133789,295.836064158,297.443314391,310.757402142,320.838913291,345.102949496,366.784411451,389.977437817,420.115194872,446.509797594,483.75159653,510.162223848,534.572772302,573.28903089,594.962774037,0.0406492650509,0.0467354804277
Indonesia,7.112,7.048,6.945,7.391,8.346,8.939,8.569,9.069,10.194,10.945,13.462,14.171,19.095,21.154,24.15,25.808,27.947,28.371,30.227,33.087,35.2,38.289,40.543,42.784,47.326,52.4398398627,56.7312540112,61.5761124356,64.3416928571,69.7468616133,74.7340748545,79.808655402,86.5086461683,85.4841736137,92.1375722607,98.0791428456,103.672365638,108.588383467,117.052370245,116.56478658,120.005256762,122.199804203,130.9999481,124.997433389,134.508291002,149.991237222,159.76655871,160.978850326,168.679371815,0.0507063940167,0.0132500920445
Japan,148.959535593,165.342504684,191.32767964,214.318999683,246.770216907,279.92331846,296.548168168,309.259788976,345.485968095,344.789888944,329.293450876,342.371500068,344.831280988,353.358830384,367.78583853,355.588129882,348.360401774,337.6691669,342.814053491,368.821634249,371.703980902,372.08546133,379.035482961,402.528704666,416.94781984,434.131638133,448.310690163,453.985574589,459.733506682,477.46604563,495.75851509,505.168280179,512.277341957,505.491714657,511.663746327,517.957735805,516.023386116,513.074078816,514.396548426,526.766293214,531.371564674,530.06744303,526.726482689,520.674246256,477.516343769,506.768032981,481.214315327,478.033724603,474.008661698,-0.00570338219404,0.0372343026102
Malaysia,2.4349583,2.8386431,2.8921212,2.9504774,3.08685,3.4853434,3.856,4.334,4.662,4.76,5.144,5.71,6.58,7.113,8.5,9.5707506531,10.3935839574,10.9792922399,12.8489591969,14.7394179584,16.49670985,17.5430842186,17.583875849,19.0422927624,21.3892509143,23.7755844799,26.6082512627,28.027587278,30.4387196664,33.0860441258,33.976667673,39.1619056441,41.0083434805,38.7903501967,40.4742639909,48.3004440876,50.4218777999,54.4240854228,58.778642328,58.1748544061,64.3510214732,68.1424959126,71.2336690694,71.5781520334,71.5185856337,77.5197692888,76.6294122065,80.1977897292,81.1068687492,0.0141062447801,0.00637110229582
New Zealand,6.93501878083,7.36650780649,7.426595918,7.58502620265,7.72126700457,8.64104815133,9.02620147531,9.67142775037,10.1002598995,10.0552679601,10.1499504815,10.5607903416,10.8180332213,10.6199628981,10.7133566911,10.7753184109,10.7954770436,11.2073901464,11.6450564257,12.2926512231,12.5164646364,13.9156853288,13.7362236683,14.5033822251,14.8573258394,15.6643955024,15.7437464373,15.816659456,16.0884940698,16.9017827824,17.5246636783,17.6191185452,17.7100259833,17.7182520563,17.9519800892,18.68759245,18.6094147609,19.262911689,18.7457178556,19.2536142908,18.749275648,19.0118710646,18.9803059618,19.1216690579,19.1121925526,19.7233392408,19.5590948168,19.6710840822,19.8375761247,0.0112267108634,0.0015582802007
Pakistan,7.245,7.338,8.141,9.23,9.389,9.302,9.023,7.993,8.569,9.19,9.933,10.078,10.902,11.652,12.727,14.268,15.372,16.976,17.994,18.999,19.962,21.181,23.514,24.973,26.482,27.77,29.526,30.81,34.214,35.411,37.268,39.732,38.59,41.218,43.449,44.325,45.494,47.41,52.36,56.7961665,58.8883908478,61.7896341131,65.2305614144,64.8992085771,67.0208189972,67.9533912094,68.1442442446,69.0881608982,69.5920329109,0.0100528821349,0.00546658923849
Philippines,4.363,4.752,5.409,6.056,6.498,7.551,8.726,8.507,10.034,9.507,10.242,10.614,11.4622262751,11.9966788252,12.4831236367,12.2646985564,12.0136186813,11.6754126352,12.4116502693,11.4473563832,11.0275548264,11.148728832,12.3552090329,13.5715085758,14.7382173598,15.1215388967,14.8583398199,17.0790437616,17.8093573336,18.9459578409,21.0348800919,22.6216558053,24.2753414544,24.9559107088,25.0766889107,25.1913621659,25.1024363366,25.6347447053,26.3627371318,27.339834189,27.5145735039,26.1723339073,27.5429450863,27.3846042983,27.813345924,28.1066926194,29.1536347682,30.3947731993,31.768993752,0.048075992614,0.00249551609159
Singapore,3.833,4.477,5.613,7.011,6.881,7.527,6.625,8.255,7.715,7.608,7.412,8.717,8.692,8.905,9.592,9.509,10.926,10.658,11.249,11.901,12.041,14.174,14.745,17.086,19.514,23.3628913265,23.8599102941,25.7184102941,28.1032102941,32.1135102941,34.3791102941,34.7546102941,36.5469102941,36.9252102941,36.6288102941,37.6362602941,40.9544565923,41.5187491706,39.2833515924,44.1147182935,49.5212973631,52.9815051899,58.423022376,61.2347481861,64.5160833351,70.6174036955,73.7083436816,74.1328084423,75.6731893373,0.0235753208399,0.00594427622855
South Korea,6.4,7.758,8.907,10.203,12.307,14.285,15.45,16.018,19.821,20.587,22.611,25.311,29.094,32.5,37.449,38.559,40.384,40.44,43.847,47.847,52.721,59.0622,65.4086,73.1352,79.57,90.0407,101.109136652,113.545755365,124.45661379,134.359320307,147.11013327,162.001325235,177.52591266,163.730169324,178.378302833,189.424510816,193.870567478,202.968720767,209.773969062,213.847169478,220.844773765,222.877493678,231.90271707,236.429603707,237.393026538,254.640521774,267.826976768,270.927273232,271.326943388,0.0042189611122,0.0213132593781
Taiwan,6.186,6.627,7.175,8.285,8.588,9.2850577505,11.494212534,12.2988661065,14.382810778,13.74616924,15.129975174,18.29389146,20.06556291,23.67899153,25.06764073,26.43258885,24.72808309,25.01987161,28.12886697,29.8176089895,34.7926742651,37.9088157668,40.8733302882,44.8427794621,47.6934409286,50.2120059005,53.106353298,56.2789420874,59.3711738259,63.0440621783,66.7386100443,69.8098922569,74.1024365579,78.4847452214,82.974018862,88.6926421475,91.7692201773,95.2486850651,99.6810099821,104.921412399,106.519978093,108.576702924,113.691695879,107.556735292,104.104162131,109.660148616,109.527422895,109.17693884,110.888424767,0.0184589326382,0.00871050078422
Thailand,2.593,3.072,3.533,4.478,4.733,5.651,6.31,7.704,8.162,8.466,9.06,9.579,10.559,11.571,12.156,12.265,12.394,12.629,13.788,15.481,16.24,17.3493590487,20.434380645,23.0338553459,26.1370273153,30.533634911,34.3244627805,37.1920192363,41.7233043858,46.8213353,52.3117689749,58.6460257372,61.6165865157,58.0578996878,60.8485672305,62.6932737109,64.286906827,70.5917910251,75.3969296082,80.6395606735,84.8098142253,86.7328949649,89.9034375725,92.3954693518,97.1982635491,102.698484425,107.102862533,115.305260103,115.613989033,0.00542455399409,0.00908170361072
Vietnam,4.96361367322,6.88699210104,8.71957325551,9.22039794351,10.5025060654,11.0148870545,10.5375273301,10.9725324221,11.7699508012,10.1520063566,10.2153778716,8.13152757725,8.14224798214,8.48477273983,8.67265780623,9.66259355136,9.47414118355,9.60874242595,10.2068681986,10.1169800392,10.0709679042,10.1824554734,10.2404981011,10.4825789491,10.4619472069,11.0624715829,11.0496749769,10.7185890003,11.3430045214,11.6388505838,12.1999926845,12.87046092,14.0033338752,14.5290029651,16.4106292356,17.7259880527,19.9174611033,21.4462060913,22.4629702885,28.6854309582,29.7708583302,32.2680866847,34.886244078,36.7427158538,42.5940785041,44.1818380704,48.8926167223,52.4958484244,54.3859730142,0.0388435907662,0.00427212379873
Other Asia Pacific,17.5010659416,18.8188563662,20.5068224237,22.1481471471,23.6351796301,25.2024325024,26.5805975288,27.6856876339,28.7362083153,30.4449244442,31.0052247118,32.5940309113,34.3906843528,36.4522145124,39.1674739325,41.9680126809,42.9528280478,44.7270410164,46.3806426213,47.5069018699,49.8991450547,50.6326931851,49.3671263808,50.1948443011,49.8563899163,49.0765998312,47.9087531849,43.5568602778,42.1397162079,40.6339795641,40.2808606231,37.8354195072,37.0976384267,36.3875148247,38.5400826539,41.3237204418,42.295284871,41.5633337449,43.9556367768,44.6995496553,47.9020441312,50.5474378317,49.2174808311,50.4425065553,49.9369022625,52.8427417409,57.2273133806,57.5891474933,60.681295356,0.0565800704062,0.00476663373411
Total Asia Pacific,439.531042317,478.230693196,502.499657678,542.355528671,618.685478645,708.107427749,772.221898181,817.41939597,885.076787972,902.47039286,936.265117966,982.726658656,1039.79765078,1102.42277447,1153.33933461,1164.54190415,1170.10135867,1181.65709649,1235.64393761,1322.31264852,1391.59142701,1455.27978774,1533.85354854,1643.29588765,1731.10644609,1774.46363941,1851.52313076,1926.80481787,2020.58147302,2131.87668564,2278.63101194,2373.35207778,2444.24909429,2424.62182138,2510.43070276,2602.79852177,2669.10220701,2775.28071687,2994.02768662,3289.32452251,3487.66705155,3707.51346271,3890.28536292,4002.39560972,4152.32625586,4508.21085407,4755.1381826,4993.528703,5151.48820067,0.034459233284,0.404659420252
,,,,,,,,,,,,,,,,,,,,,,,,,,,,,,,,,,,,,,,,,,,,,,,,,,,
Total World,3765.1491063,3966.4964239,4115.3467472,4361.26861439,4649.61587954,4939.41145124,5132.18146135,5407.67336402,5710.28793823,5733.8188987,5759.72711825,6077.15356699,6298.00808033,6493.21662479,6708.06147613,6626.47393347,6582.90064052,6559.35191694,6645.47330065,6966.043159,7169.7727575,7329.78905426,7581.51266513,7866.7510555,8031.37276605,8118.06645022,8163.32927475,8212.15230035,8256.29764659,8366.72497729,8580.64961477,8823.50053872,8918.83544626,8965.92942432,9115.1241988,9342.11801952,9424.13565347,9601.70079174,9943.81652856,10428.1543521,10714.4005608,11020.8108653,11319.4524577,11466.213611,11325.8581578,11955.5921963,12231.5300261,12483.2205141,12730.4298782,0.0225973147899,1.0
of which: OECD,2643.54317562,2771.53003367,2881.44575214,3073.97210108,3284.21581331,3466.91984737,3554.92547714,3726.73098266,3932.8305868,3873.629469,3791.80185111,3995.8536092,4085.00892862,4148.35524724,4257.94261701,4147.56128984,4050.14551355,3940.65075583,3937.9570404,4124.11019472,4191.8906805,4241.42593688,4362.13806946,4509.25825462,4599.04508864,4635.3306738,4677.0590445,4727.87378016,4799.42646959,4888.92912284,5009.87225699,5180.69222917,5234.16461664,5253.2437808,5327.63015646,5442.41534539,5412.31206857,5454.84504565,5520.8645807,5633.56597469,5679.02914855,5687.77831291,5727.48654995,5671.49041979,5398.30935167,5598.24867902,5535.78636724,5484.36289994,5533.13324224,0.0116567071527,0.434638381004
                 Non-OECD,1121.60593068,1194.96639023,1233.90099506,1287.29651331,1365.40006623,1472.49160386,1577.2559842,1680.94238136,1777.45735143,1860.18942969,1967.92526714,2081.29995779,2212.99915171,2344.86137756,2450.11885913,2478.91264363,2532.75512697,2618.70116111,2707.51626025,2841.93296428,2977.882077,3088.36311738,3219.37459567,3357.49280087,3432.32767741,3482.73577642,3486.27023025,3484.27852019,3456.871177,3477.79585445,3570.77735778,3642.80830955,3684.67082962,3712.68564351,3787.49404233,3899.70267412,4011.8235849,4146.85574609,4422.95194786,4794.58837745,5035.37141221,5333.03255238,5591.9659077,5794.72319121,5927.54880614,6357.34351727,6695.74365884,6998.85761417,7197.29663595,0.0311704650521,0.565361618996
                 European Union #,1002.87823372,1029.58909814,1058.29178194,1126.29784332,1212.86685784,1289.20626172,1317.48966617,1375.9686412,1453.61616351,1428.31258543,1408.39468621,1489.13321201,1514.26816503,1557.93092487,1609.5708265,1565.77534824,1519.74939027,1490.74329009,1490.86093692,1531.49234112,1605.65662367,1636.04329246,1664.97794825,1675.92589285,1679.62300278,1655.14508812,1661.38227034,1632.91683731,1626.37453585,1623.99590323,1659.91162151,1714.56683388,1703.6363085,1718.53733531,1713.50798663,1732.04177034,1766.11229545,1752.52562457,1789.57554532,1819.238746,1818.69430706,1826.34284085,1801.05195272,1793.98920653,1691.18600346,1752.80656161,1691.2362093,1685.50402628,1675.93395141,-0.00295370095409,0.131647869945
                 Former Soviet Union,620.829997369,660.697692703,691.941281791,713.978744423,734.00990873,769.508902642,807.692955586,855.160955023,893.857294395,940.174000645,988.130207467,1033.75609646,1078.52437332,1126.98019877,1155.14070263,1141.26262988,1157.16976414,1187.51879247,1207.70349178,1251.03848699,1310.80765678,1333.80767,1372.58523729,1396.60500525,1389.44246166,1413.62097037,1367.61486757,1281.71444427,1164.41499082,1054.13093692,989.389520695,948.4980055,910.169669175,902.947485347,906.89327205,922.055765678,937.439156032,938.515681263,960.305727224,971.524016864,970.661011432,1006.11473791,1017.05938541,1021.74977318,950.486164884,991.400159984,1030.47010834,1036.55107093,1027.66474314,-0.00585673796013,0.0807250589132
,,,,,,,,,,,,,,,,,,,,,,,,,,,,,,,,,,,,,,,,,,,,,,,,,,,
" * In this review, primary energy comprises commercially traded fuels including modern renewables used to generate electricity.",,,,,,,,,,,,,,,,,,,,,,,,,,,,,,,,,,,,,,,,,,,,,,,,,,,
 ^ Less than 0.05.,,,,,,,,,,,,,,,,,,,,,,,,,,,,,,,,,,,,,,,,,,,,,,,,,,,
 n/a Not available,,,,,,,,,,,,,,,,,,,,,,,,,,,,,,,,,,,,,,,,,,,,,,,,,,,
" # Excludes Estonia, Latvia and Lithuania prior to 1985 and Slovenia prior to 1991.",,,,,,,,,,,,,,,,,,,,,,,,,,,,,,,,,,,,,,,,,,,,,,,,,,,
Notes: Oil consumption is measured in million tonnes; other fuels in million tonnes of oil equivalent.,,,,,,,,,,,,,,,,,,,,,,,,,,,,,,,,,,,,,,,,,,,,,,,,,,,
Growth rates are adjusted for leap years.,,,,,,,,,,,,,,,,,,,,,,,,,,,,,,,,,,,,,,,,,,,,,,,,,,,
