Renewables: Consumption - Wind *,,,,,,,,,,,,,,,,,,,,,,,,,,,,,,,,,,,,,,,,,,,,,,,,,,Change,2013.0
,,,,,,,,,,,,,,,,,,,,,,,,,,,,,,,,,,,,,,,,,,,,,,,,,,2013 over,share
Terawatt-hours,1965.0,1966.0,1967.0,1968.0,1969.0,1970.0,1971.0,1972.0,1973.0,1974.0,1975.0,1976.0,1977.0,1978.0,1979.0,1980.0,1981.0,1982.0,1983.0,1984.0,1985.0,1986.0,1987.0,1988.0,1989.0,1990.0,1991.0,1992.0,1993.0,1994.0,1995.0,1996.0,1997.0,1998.0,1999.0,2000.0,2001.0,2002.0,2003.0,2004.0,2005.0,2006.0,2007.0,2008.0,2009.0,2010.0,2011.0,2012.0,2013.0,2012.0,of total
,,,,,,,,,,,,,,,,,,,,,,,,,,,,,,,,,,,,,,,,,,,,,,,,,,,
US,0.0,0.0,0.0,0.0,0.0,0.0,0.0,0.0,0.0,0.0,0.0,0.0,0.0,0.0,0.0,0.0,0.0,0.0,0.00269494949495,0.00655555555556,0.0058202020202,0.00423131313131,0.00357676767677,0.0008797979798,2.13337676768,2.81676767677,2.98075858586,2.91668989899,3.03618888889,3.48192828283,3.19621515152,3.26673636364,3.32124747475,3.05625858586,4.53333131313,5.64975858586,6.80538484848,10.4588686869,11.3004707071,14.2866070707,17.9904535354,26.8577141414,34.7979060606,55.9223232323,74.6324565657,95.6083292929,121.39050404,142.244144444,169.358440404,0.193879976869,0.269581347704
Canada,0.0,0.0,0.0,0.0,0.0,0.0,0.0,0.0,0.0,0.0,0.0,0.0,0.0,0.0,0.0,0.0,0.0,0.0,0.0,0.0,0.001,0.001,0.001,0.001,0.001,0.00191919191919,0.00191919191919,0.00287878787879,0.0307070707071,0.0556565656566,0.0566161616162,0.059494949495,0.059494949495,0.059494949495,0.162,0.264,0.329,0.405,0.69,0.945,1.552,2.448,2.977206,3.750629,6.575235,8.63695,10.086688,11.198373,11.5318357372,0.0325990952551,0.0183561444282
Mexico,0.0,0.0,0.0,0.0,0.0,0.0,0.0,0.0,0.0,0.0,0.0,0.0,0.0,0.0,0.0,0.0,0.0,0.0,0.0,0.0,0.0,0.0,0.0,0.0,0.0,0.0010101010101,0.0010101010101,0.0010101010101,0.0010101010101,0.0050505050505,0.00707070707071,0.00606060606061,0.0121212121212,0.0151515151515,0.0171717171717,0.0191919191919,0.0181818181818,0.0212121212121,0.0191919191919,0.020202020202,0.0191919191919,0.059595959596,0.264646464646,0.271717171717,0.60202020202,1.25151515152,1.39696969697,1.24343434343,1.29315679596,0.0428372807801,0.00205842102878
Total North America,0.0,0.0,0.0,0.0,0.0,0.0,0.0,0.0,0.0,0.0,0.0,0.0,0.0,0.0,0.0,0.0,0.0,0.0,0.00269494949495,0.00655555555556,0.0068202020202,0.00523131313131,0.00457676767677,0.0018797979798,2.13437676768,2.8196969697,2.98368787879,2.92057878788,3.06790606061,3.54263535354,3.2599020202,3.33229191919,3.39286363636,3.13090505051,4.7125030303,5.93295050505,7.15256666667,10.8850808081,12.0096626263,15.2518090909,19.5616454545,29.365310101,38.0397585253,59.944669404,81.8097117677,105.496794444,132.874161737,154.685951788,182.183432937,0.180990025401,0.28999593854
,,,,,,,,,,,,,,,,,,,,,,,,,,,,,,,,,,,,,,,,,,,,,,,,,,,
Argentina,0.0,0.0,0.0,0.0,0.0,0.0,0.0,0.0,0.0,0.0,0.0,0.0,0.0,0.0,0.0,0.0,0.0,0.0,0.0,0.0,0.0,0.0,0.0,0.0,0.0,0.0,0.0,0.0,0.0,0.0,0.0,0.009618,0.014592,0.032541,0.034781,0.034758,0.049361,0.073405,0.077954,0.072445,0.075381,0.069639,0.0615927,0.0419511,0.036832,0.025352,0.0118181818182,0.351717171717,0.451111111111,0.286110162735,0.00071806961205
Brazil,0.0,0.0,0.0,0.0,0.0,0.0,0.0,0.0,0.0,0.0,0.0,0.0,0.0,0.0,0.0,0.0,0.0,0.0,0.0,0.0,0.0,0.0,0.0,0.0,0.0,0.0,0.0,0.0,0.0,0.0,0.0,0.002,0.004,0.005,0.002,0.001,0.0349,0.061,0.061,0.061,0.0929,0.237,0.559,1.183,1.446,2.177,2.705,4.918,6.465,0.318160295486,0.0102908574045
Chile,0.0,0.0,0.0,0.0,0.0,0.0,0.0,0.0,0.0,0.0,0.0,0.0,0.0,0.0,0.0,0.0,0.0,0.0,0.0,0.0,0.0,0.0,0.0,0.0,0.0,0.0,0.0,0.0,0.0,0.0,0.0,0.0,0.0,0.0,0.0,0.0,0.00707070707071,0.00707070707071,0.00707070707071,0.005,0.007,0.007,0.0112,0.037,0.078206867,0.332135807,0.331633005,0.390422,0.549909387,0.412358909845,0.00087533472106
Colombia,0.0,0.0,0.0,0.0,0.0,0.0,0.0,0.0,0.0,0.0,0.0,0.0,0.0,0.0,0.0,0.0,0.0,0.0,0.0,0.0,0.0,0.0,0.0,0.0,0.0,0.0,0.0,0.0,0.0,0.0,0.0,0.0,0.0,0.0,0.0,0.0,0.0,0.0,0.0,0.052,0.049,0.063,0.049,0.054,0.058,0.039,0.041,0.055,0.0576248026,0.0505941584706,9.172600403e-05
Ecuador,0.0,0.0,0.0,0.0,0.0,0.0,0.0,0.0,0.0,0.0,0.0,0.0,0.0,0.0,0.0,0.0,0.0,0.0,0.0,0.0,0.0,0.0,0.0,0.0,0.0,0.0,0.0,0.0,0.0,0.0,0.0,0.0,0.0,0.0,0.0,0.0,0.0,0.0,0.0,0.0,0.0,0.0,0.00096,0.00268,0.0032,0.00343,0.00334,0.0024,0.0567,22.6897258759,9.025391773e-05
Peru,0.0,0.0,0.0,0.0,0.0,0.0,0.0,0.0,0.0,0.0,0.0,0.0,0.0,0.0,0.0,0.0,0.0,0.0,0.0,0.0,0.0,0.0,0.0,0.0,0.0,0.0,0.0,0.0,0.0,0.0,0.0,0.004,0.006,0.006,0.006,0.008,0.012,0.012,0.012,0.012,0.012,0.012,0.012,0.012,0.012,0.012,0.012,0.0120328767123,0.012,-,1.91013587e-05
Trinidad & Tobago,0.0,0.0,0.0,0.0,0.0,0.0,0.0,0.0,0.0,0.0,0.0,0.0,0.0,0.0,0.0,0.0,0.0,0.0,0.0,0.0,0.0,0.0,0.0,0.0,0.0,0.0,0.0,0.0,0.0,0.0,0.0,0.0,0.0,0.0,0.0,0.0,0.0,0.0,0.0,0.0,0.0,0.0,0.0,0.0,0.0,0.0,0.0,0.0,0.0,-,-
Venezuela,0.0,0.0,0.0,0.0,0.0,0.0,0.0,0.0,0.0,0.0,0.0,0.0,0.0,0.0,0.0,0.0,0.0,0.0,0.0,0.0,0.0,0.0,0.0,0.0,0.0,0.0,0.0,0.0,0.0,0.0,0.0,0.0,0.0,0.0,0.0,0.0,0.0,0.0,0.0,0.0,0.0,0.0,0.0,0.0,0.0,0.0,0.0,0.0,0.0,-,-
Other S. & Cent. America,0.0,0.0,0.0,0.0,0.0,0.0,0.0,0.0,0.0,0.0,0.0,0.0,0.0,0.0,0.0,0.0,0.0,0.0,0.0,0.0,0.0,0.0,0.0,0.0,0.0,0.0,0.0,0.0,0.00171717171717,0.00777777777778,0.00777777777778,0.0306711710808,0.0878336821212,0.0813801484817,0.116827802842,0.226726556547,0.231171677447,0.316162852048,0.342627883904,0.369858270724,0.336939376926,0.411889894527,0.381134068837,0.352652962676,0.689310491493,0.89091719984,1.00564782828,1.74531935674,1.93537662482,0.111933477223,0.00308069353923
Total S. & Cent. America,0.0,0.0,0.0,0.0,0.0,0.0,0.0,0.0,0.0,0.0,0.0,0.0,0.0,0.0,0.0,0.0,0.0,0.0,0.0,0.0,0.0,0.0,0.0,0.0,0.0,0.0,0.0,0.0,0.00171717171717,0.00777777777778,0.00777777777778,0.0462891710808,0.112425682121,0.124921148482,0.159608802842,0.270484556547,0.334503384518,0.469638559119,0.500652590975,0.572303270724,0.573220376926,0.800528894527,1.07488676884,1.68328406268,2.32354935849,3.47983500684,4.1104390151,7.47489140517,9.52772192553,0.278122276068,0.0151660358533
,,,,,,,,,,,,,,,,,,,,,,,,,,,,,,,,,,,,,,,,,,,,,,,,,,,
Austria,0.0,0.0,0.0,0.0,0.0,0.0,0.0,0.0,0.0,0.0,0.0,0.0,0.0,0.0,0.0,0.0,0.0,0.0,0.0,0.0,0.0,0.0,0.0,0.0,0.0,0.0,0.0,0.0,0.0,0.0,0.001,0.005,0.02,0.045,0.051,0.067,0.172,0.203,0.366,0.924,1.3314,1.7516,2.0371,2.0108,1.967466,2.063837,1.93436109116,2.463015,3.04272462805,0.23875041306,0.0048433477059
Azerbaijan,n/a,n/a,n/a,n/a,n/a,n/a,n/a,n/a,n/a,n/a,n/a,n/a,n/a,n/a,n/a,n/a,n/a,n/a,n/a,n/a,0.0,0.0,0.0,0.0,0.0,0.0,0.0,0.0,0.0,0.0,0.0,0.0,0.0,0.0,0.0,0.0,0.0,0.0,0.0,0.0,0.0,0.0,0.0,0.0,0.0021,0.0005,0.0,0.0,0.0,-,-
Belarus,n/a,n/a,n/a,n/a,n/a,n/a,n/a,n/a,n/a,n/a,n/a,n/a,n/a,n/a,n/a,n/a,n/a,n/a,n/a,n/a,0.0,0.0,0.0,0.0,0.0,0.0,0.0,0.0,0.0,0.0,0.0,0.0,0.0,0.0,0.0,0.0,0.0,0.0,0.0,0.0010101010101,0.001,0.001,0.001,0.001,0.001,0.001,0.004,0.006,0.00598360655738,-,9.52458413e-06
Belgium,0.0,0.0,0.0,0.0,0.0,0.0,0.0,0.0,0.0,0.0,0.0,0.0,0.0,0.0,0.0,0.0,0.0,0.0,0.0,0.0,0.0,0.0,0.006,0.008,0.007,0.007,0.008,0.009,0.008,0.009,0.009,0.008,0.008,0.011,0.013,0.016,0.037,0.057,0.088,0.142,0.227,0.366,0.491,0.637,0.996,1.292,2.312,2.749,3.55735565903,0.29759979248,0.005662527401
Bulgaria,0.0,0.0,0.0,0.0,0.0,0.0,0.0,0.0,0.0,0.0,0.0,0.0,0.0,0.0,0.0,0.0,0.0,0.0,0.0,0.0,0.0,0.0,0.0,0.0,0.0,0.0,0.0,0.0,0.0,0.0,0.0,0.0,0.0,0.0,0.0,0.0,0.0,0.0,0.0,0.001,0.005,0.02,0.047,0.122,0.237,0.68617,0.86062,1.22115,1.28893628571,0.0584020130336,0.00205170293339
Czech Republic,0.0,0.0,0.0,0.0,0.0,0.0,0.0,0.0,0.0,0.0,0.0,0.0,0.0,0.0,0.0,0.0,0.0,0.0,0.0,0.0,0.0,0.0,0.0,0.0,0.0,0.0,0.0,0.0,0.0,0.0,0.0,0.0,0.0,0.0,0.0,0.0,0.0,0.002,0.004,0.01,0.021,0.049,0.125,0.245,0.288,0.335,0.397,0.4173,0.4783,0.149318024516,0.00076134834671
Denmark,0.0,0.0,0.0,0.0,0.0,0.0,0.0,0.0,0.0,0.0,0.0,0.0,0.0,0.0030303030303,0.00606060606061,0.0106060606061,0.0106060606061,0.0186868686869,0.0273737373737,0.0335353535353,0.0519191919192,0.126868686869,0.175555555556,0.294646464646,0.432727272727,0.616464646465,0.747575757576,0.924646464646,1.04464646465,1.14848484848,1.18919191919,1.23929292929,1.95353535354,2.84848484848,3.0595959596,4.28383838384,4.34949494949,4.92626262626,5.61717171717,6.64949494949,6.68080808081,6.1696969697,7.24343434343,6.99797979798,6.78888888889,7.88830512727,9.87291344394,10.3736645677,11.235629933,0.0860590711236,0.0178846493363
Finland,0.0,0.0,0.0,0.0,0.0,0.0,0.0,0.0,0.0,0.0,0.0,0.0,0.0,0.0,0.0,0.0,0.0,0.0,0.0,0.0,0.0,0.0,0.0,0.0,0.0,0.0,0.0,0.0020202020202,0.0040404040404,0.00707070707071,0.0111111111111,0.0111111111111,0.0171717171717,0.0232323232323,0.049494949495,0.0777777777778,0.0707070707071,0.0636363636364,0.0929292929293,0.121212121212,0.169696969697,0.154545454545,0.189898989899,0.263636363636,0.279797979798,0.29696969697,0.485858585859,0.49898989899,0.784848484848,0.57718372345,0.00124930602033
France,0.0,0.0,0.0,0.0,0.0,0.0,0.0,0.0,0.0,0.0,0.0,0.0,0.0,0.0,0.0,0.0,0.0,0.0,0.0,0.0,0.0,0.0,0.0,0.0,0.0,0.000271526,0.000489604,0.000489604,0.00240218,0.004704,0.0047142,0.0074302,0.0111284,0.0194972,0.03694443,0.07736,0.1311,0.2691,0.3912,0.596,0.96377,2.18888,4.0601,5.71,7.595,9.412,11.624,14.29995,15.19601,0.0655731633305,0.024188702926
Germany,0.0,0.0,0.0,0.0,0.0,0.0,0.0,0.0,0.0,0.0,0.0,0.0,0.0,0.0,0.0,0.0,0.0,0.0,0.0,0.0,0.0,0.001,0.002,0.008,0.026,0.071,0.1,0.275,0.6,0.909,1.5,2.032,2.966,4.489,5.528,7.55,10.509,15.786,18.713,25.509,27.229,30.71,39.713,40.574,38.639,37.793,48.883,50.67,53.4,0.0567653700709,0.0850010439753
Greece,0.0,0.0,0.0,0.0,0.0,0.0,0.0,0.0,0.0,0.0,0.0,0.0,0.0,0.0,0.0,0.0,0.0,0.0,0.0,0.0,0.0,0.0,0.001,0.001,0.001,0.002,0.002,0.008,0.047,0.037,0.034,0.036,0.037,0.073,0.162,0.451,0.756,0.651,1.021,1.121,1.266,1.699,1.818,2.242,2.543,2.714,3.315,3.85,4.14645,0.0799506828189,0.00660023558885
Hungary,0.0,0.0,0.0,0.0,0.0,0.0,0.0,0.0,0.0,0.0,0.0,0.0,0.0,0.0,0.0,0.0,0.0,0.0,0.0,0.0,0.0,0.0,0.0,0.0,0.0,0.0,0.0,0.0,0.0,0.0,0.0,0.0,0.0,0.0,0.0,0.0,0.001,0.001,0.004,0.006,0.01,0.043,0.11,0.205,0.331,0.527,0.626,0.771,0.716,-0.0687916427851,0.00113971438259
Republic of Ireland,0.0,0.0,0.0,0.0,0.0,0.0,0.0,0.0,0.0,0.0,0.0,0.0,0.0,0.0,0.0,0.0,0.0,0.0,0.0,0.0,0.0,0.0,0.0,0.0,0.0,0.0,0.0,0.0,0.0116,0.0233,0.0116,0.0116,0.0465,0.1744,0.186,0.2442,0.3372,0.3837,0.4535,0.6512,1.1163,1.6163,1.9535,2.407,2.9535,2.807,4.383756,4.01166,4.546548,0.13643835485,0.00723710376769
Italy,0.0,0.0,0.0,0.0,0.0,0.0,0.0,0.0,0.0,0.0,0.0,0.0,0.0,0.0,0.0,0.0,0.0,0.0,0.0,0.0,0.0,0.0,0.0,0.0,0.002,0.00191919191919,0.00287878787879,0.00191919191919,0.00383838383838,0.00671717171717,0.00863636363636,0.0316666666667,0.118,0.232,0.403,0.563,1.179,1.404,1.458,1.847,2.343,2.971,4.034,4.861,6.543,9.1259,9.8564,13.4071,14.9623236,0.119057536125,0.0238167252392
Kazakhstan,n/a,n/a,n/a,n/a,n/a,n/a,n/a,n/a,n/a,n/a,n/a,n/a,n/a,n/a,n/a,n/a,n/a,n/a,n/a,n/a,0.0,0.0,0.0,0.0,0.0,0.0,0.0,0.0,0.0,0.0,0.0,0.0,0.0,0.0,0.0,0.0,0.0,0.0,0.0,0.0,0.0,0.0010101010101,0.0010101010101,0.0010101010101,0.0010101010101,0.0010101010101,0.0010101010101,0.00101286868687,0.0010101010101,-2.7322398e-07,1.60785851e-06
Lithuania,n/a,n/a,n/a,n/a,n/a,n/a,n/a,n/a,n/a,n/a,n/a,n/a,n/a,n/a,n/a,n/a,n/a,n/a,n/a,n/a,0.0,0.0,0.0,0.0,0.0,0.0,0.0,0.0,0.0,0.0,0.0,0.0,0.0,0.0,0.0,0.0,0.0,0.0,0.0,0.0012,0.0018,0.0137,0.1061,0.1311,0.1577,0.224,0.475,0.5401,0.6,0.113948963583,0.00095506792422
Netherlands,0.0,0.0,0.0,0.0,0.0,0.0,0.0,0.0,0.0,0.0,0.0,0.0,0.0,0.0,0.0,0.0,0.0,0.0,0.0,0.0,0.0,0.001,0.002,0.016,0.023,0.056,0.088,0.147,0.174,0.238,0.317,0.437,0.475,0.64,0.645,0.829,0.825,0.947,1.32,1.871,2.067,2.734,3.438,4.26,4.581,3.993,5.096,4.932,5.574,0.133266672492,0.00887258071452
Norway,0.0,0.0,0.0,0.0,0.0,0.0,0.0,0.0,0.0,0.0,0.0,0.0,0.0,0.0,0.0,0.0,0.0,0.0,0.0,0.0,0.0,0.0,0.0,0.0,0.0,0.0,0.0,0.0,0.0,0.0,0.0,0.0,0.0,0.0,0.014276,0.030199,0.028758,0.038903,0.219796,0.259519,0.50703,0.673144,0.900841,0.916944,0.980501,0.894909,1.293291,1.555975,1.894154,0.220677360892,0.00301507627591
Poland,0.0,0.0,0.0,0.0,0.0,0.0,0.0,0.0,0.0,0.0,0.0,0.0,0.0,0.0,0.0,0.0,0.0,0.0,0.0,0.0,0.0,0.0,0.0,0.0,0.0,0.0,0.0,0.0,0.0,0.0,0.001,0.0,0.002,0.004,0.004,0.005,0.014,0.061,0.124,0.142,0.135,0.256,0.522,0.837,1.077,1.664,3.205,4.747,6.027,0.27312245965,0.00959365721792
Portugal,0.0,0.0,0.0,0.0,0.0,0.0,0.0,0.0,0.0,0.0,0.0,0.0,0.0,0.0,0.0,0.0,0.0,0.0,0.0,0.0,0.0,0.0,0.0,0.0,0.001,0.0009595959596,0.0009595959596,0.00383838383838,0.0105555555556,0.0163131313131,0.0153535353535,0.0201515151515,0.0364646464647,0.0858585858586,0.11803030303,0.161616161616,0.245454545455,0.341,0.468,0.787,1.741,2.892,4.007,5.72,7.506,9.078,9.003,10.011,11.755,0.177425384521,0.01871137321
Romania,0.0,0.0,0.0,0.0,0.0,0.0,0.0,0.0,0.0,0.0,0.0,0.0,0.0,0.0,0.0,0.0,0.0,0.0,0.0,0.0,0.0,0.0,0.0,0.0,0.0,0.0010101010101,0.0,0.0,0.0,0.0,0.0,0.0,0.0,0.0,0.0,0.0,0.0,0.0,0.0,0.0,0.0,0.001,0.003,0.005,0.009,0.306,1.2431,2.6407,4.6957,0.783074557781,0.00747452070937
Russian Federation,n/a,n/a,n/a,n/a,n/a,n/a,n/a,n/a,n/a,n/a,n/a,n/a,n/a,n/a,n/a,n/a,n/a,n/a,n/a,n/a,0.0,0.0,0.0,0.0,0.0,0.0,0.0,0.0,0.0,0.0,0.0,0.0,0.0,0.0,0.0,0.0019,0.0031,0.0062,0.0086,0.007,0.0068,0.0052,0.0066,0.0052,0.0038,0.004186,0.005392,0.005251,0.004337326,-0.171736985445,6.90406841e-06
Slovakia,0.0,0.0,0.0,0.0,0.0,0.0,0.0,0.0,0.0,0.0,0.0,0.0,0.0,0.0,0.0,0.0,0.0,0.0,0.0,0.0,0.0,0.0,0.0,0.0,0.0,0.0,0.0,0.0,0.0,0.0,0.0,0.0,0.0,0.0,0.0,0.0,0.0,0.0,0.002,0.006,0.007,0.006,0.008,0.007,0.006,0.006,0.005,0.006,0.005,-0.164383560419,7.958899e-06
Spain,0.0,0.0,0.0,0.0,0.0,0.0,0.0,0.0,0.0,0.0,0.0,0.0,0.0,0.0,0.0,0.0,0.0,0.0,0.0,0.0,0.0,0.0,0.0,0.0,0.013,0.014,0.015,0.103,0.116,0.175,0.27,0.338,0.716,1.352,2.744,4.724,6.966,9.997,12.474,16.155,21.269,23.255,27.763,32.496,37.887,44.165,42.433,49.472,55.7671298938,0.130334660411,0.0887689962983
Sweden,0.0,0.0,0.0,0.0,0.0,0.0,0.0,0.0,0.0,0.0,0.0,0.0,0.0,0.0,0.0,0.0,0.0,0.0,0.003,0.005,0.006,0.006,0.006,0.005,0.005,0.006,0.013,0.031,0.052,0.075,0.105,0.144,0.203,0.308,0.358,0.457,0.482,0.608,0.679,0.85,0.949,0.987,1.43,1.996,2.485,3.479,6.086,7.159,9.891,0.385402798653,0.0157442949712
Switzerland,0.0,0.0,0.0,0.0,0.0,0.0,0.0,0.0,0.0,0.0,0.0,0.0,0.0,0.0,0.0,0.0,0.0,0.0,0.0,0.0,0.0,0.0,0.0,0.0,0.0,0.0,0.0,0.0,0.0,0.0,0.0,0.001,0.002,0.003,0.003,0.003,0.004,0.005,0.005,0.006,0.008,0.015,0.016,0.019,0.023,0.037,0.07,0.088,0.1122,0.278493136168,0.00017859770742
Turkey,0.0,0.0,0.0,0.0,0.0,0.0,0.0,0.0,0.0,0.0,0.0,0.0,0.0,0.0,0.0,0.0,0.0,0.0,0.0,0.0,0.0,0.0,0.0,0.0,0.0,0.0,0.0,0.0,0.0,0.0,0.0,0.0,0.0,0.0055,0.0205,0.0334,0.0624,0.048,0.0614,0.0577,0.059,0.1305,0.3511,0.8465,1.49537,2.91643,4.7239,5.86075,7.49404868938,0.282187491655,0.0119288759306
Turkmenistan,n/a,n/a,n/a,n/a,n/a,n/a,n/a,n/a,n/a,n/a,n/a,n/a,n/a,n/a,n/a,n/a,n/a,n/a,n/a,n/a,0.0,0.0,0.0,0.0,0.0,0.0,0.0,0.0,0.0,0.0,0.0,0.0,0.0,0.0,0.0,0.0,0.0,0.0,0.0,0.0,0.0,0.0,0.0,0.0,0.0,0.0,0.0,0.0,0.0,-,-
Ukraine,n/a,n/a,n/a,n/a,n/a,n/a,n/a,n/a,n/a,n/a,n/a,n/a,n/a,n/a,n/a,n/a,n/a,n/a,n/a,n/a,0.0,0.0,0.0,0.0,0.0,0.0,0.0,0.0,0.0,0.0,0.0,0.0,0.0,0.0050505050505,0.0030303030303,0.00606060606061,0.0151515151515,0.0212121212121,0.0242424242424,0.0242424242424,0.0364646464647,0.0336363636364,0.0432323232323,0.0432323232323,0.0414141414141,0.050505050505,0.089,0.288,0.644,1.24223744869,0.00102510629222
United Kingdom,0.0,0.0,0.0,0.0,0.0,0.0,0.0,0.0,0.0,0.0,0.0,0.0,0.0,0.0,0.0,0.0,0.0,0.0,0.0,0.0,0.0,0.0,0.0,0.0,0.009,0.009,0.009,0.033,0.217,0.344,0.392,0.488,0.667,0.877,0.85,0.946,0.965,1.259,1.288,1.939,2.912,4.236,5.2738175,7.09724817,9.30714452612,10.1840658242,15.5094763397,19.5839306299,27.4118088442,0.403544068336,0.0436335653067
Uzbekistan,n/a,n/a,n/a,n/a,n/a,n/a,n/a,n/a,n/a,n/a,n/a,n/a,n/a,n/a,n/a,n/a,n/a,n/a,n/a,n/a,0.0,0.0,0.0,0.0,0.0,0.0,0.0,0.0,0.0,0.0,0.0,0.0,0.0,0.0,0.0,0.0,0.0,0.0,0.0,0.0,0.0,0.0,0.0,0.0,0.0,0.0,0.0,0.0,0.0,-,-
Other Europe & Eurasia,0.0,0.0,0.0,0.0,0.0,0.0,0.0,0.0,0.0,0.0,0.0,0.0,0.0,0.0,0.0,0.0,0.0,0.0,0.0,0.0,0.0,0.0,0.0,0.0,0.0,0.0,0.0,0.0,0.0004,0.0006,0.0006,0.0016,0.00534,0.00711,0.01974,0.02924,0.02724,0.0374788888889,0.0832680555556,0.105853888889,0.173802777778,0.217241388889,0.262342111111,0.306844888889,0.380127944444,0.570767333333,0.836289056,1.124166167,1.42815752732,0.273895561695,0.002273312537
Total Europe & Eurasia,0.0,0.0,0.0,0.0,0.0,0.0,0.0,0.0,0.0,0.0,0.0,0.0,0.0,0.0030303030303,0.00606060606061,0.0106060606061,0.0106060606061,0.0186868686869,0.0303737373737,0.0385353535354,0.0579191919192,0.134868686869,0.192555555556,0.332646464646,0.519727272727,0.785625061354,0.986903745414,1.53891384642,2.29148298808,2.99418985859,3.87020712929,4.81185242222,7.28414011717,11.2031334626,14.2686119452,20.5565919293,27.1806060808,37.116493,44.9661074899,59.7904324848,71.2368724747,83.1964542778,105.955076369,120.964495645,135.105820582,152.516555133,184.629367618,212.753715132,246.665656579,0.16257172823,0.392637431622
,,,,,,,,,,,,,,,,,,,,,,,,,,,,,,,,,,,,,,,,,,,,,,,,,,,
Iran,0.0,0.0,0.0,0.0,0.0,0.0,0.0,0.0,0.0,0.0,0.0,0.0,0.0,0.0,0.0,0.0,0.0,0.0,0.0,0.0,0.0,0.0,0.0,0.0,0.0,0.0,0.0,0.0,0.0,0.0,0.0,0.0,0.0,0.0,0.0,0.0,0.0,0.0,0.0,0.004,0.062,0.082,0.127,0.19797979798,0.227272727273,0.164646464646,0.27696969697,0.277728518057,0.27696969697,-,0.00044087480637
Israel,0.0,0.0,0.0,0.0,0.0,0.0,0.0,0.0,0.0,0.0,0.0,0.0,0.0,0.0,0.0,0.0,0.0,0.0,0.0,0.0,0.0,0.0,0.0,0.0,0.0,0.0,0.0,0.0,0.0,0.0,0.0,0.0,0.0,0.0,0.0,0.0,0.010101010101,0.010101010101,0.0111111111111,0.010101010101,0.0105050505051,0.00191919191919,0.0010101010101,0.00858585858586,0.00909090909091,0.00808080808081,0.00707070707071,0.00810294728103,0.00808080808081,-,1.286286806e-05
Kuwait,0.0,0.0,0.0,0.0,0.0,0.0,0.0,0.0,0.0,0.0,0.0,0.0,0.0,0.0,0.0,0.0,0.0,0.0,0.0,0.0,0.0,0.0,0.0,0.0,0.0,0.0,0.0,0.0,0.0,0.0,0.0,0.0,0.0,0.0,0.0,0.0,0.0,0.0,0.0,0.0,0.0,0.0,0.0,0.0,0.0,0.0,0.0,0.0,0.0,-,-
Qatar,0.0,0.0,0.0,0.0,0.0,0.0,0.0,0.0,0.0,0.0,0.0,0.0,0.0,0.0,0.0,0.0,0.0,0.0,0.0,0.0,0.0,0.0,0.0,0.0,0.0,0.0,0.0,0.0,0.0,0.0,0.0,0.0,0.0,0.0,0.0,0.0,0.0,0.0,0.0,0.0,0.0,0.0,0.0,0.0,0.0,0.0,0.0,0.0,0.0,-,-
Saudi Arabia,0.0,0.0,0.0,0.0,0.0,0.0,0.0,0.0,0.0,0.0,0.0,0.0,0.0,0.0,0.0,0.0,0.0,0.0,0.0,0.0,0.0,0.0,0.0,0.0,0.0,0.0,0.0,0.0,0.0,0.0,0.0,0.0,0.0,0.0,0.0,0.0,0.0,0.0,0.0,0.0,0.0,0.0,0.0,0.0,0.0,0.0,0.0,0.0,0.0,-,-
United Arab Emirates,0.0,0.0,0.0,0.0,0.0,0.0,0.0,0.0,0.0,0.0,0.0,0.0,0.0,0.0,0.0,0.0,0.0,0.0,0.0,0.0,0.0,0.0,0.0,0.0,0.0,0.0,0.0,0.0,0.0,0.0,0.0,0.0,0.0,0.0,0.0,0.0,0.0,0.0,0.0,0.0,0.0,0.0,0.0,0.0,0.0,0.0,0.0,0.0,0.0,-,-
Other Middle East,0.0,0.0,0.0,0.0,0.0,0.0,0.0,0.0,0.0,0.0,0.0,0.0,0.0,0.0,0.0,0.0,0.0,0.0,0.0,0.0,0.0,0.0,0.0,0.0,0.0,0.001,0.001,0.001,0.001,0.001,0.001,0.001,0.003,0.003,0.003,0.003,0.003,0.003,0.003,0.003,0.003,0.003,0.003,0.0040101010101,0.0050202020202,0.0050202020202,0.00552525252525,0.00553217102532,0.00551705580394,-,8.78193805e-06
Total Middle East,0.0,0.0,0.0,0.0,0.0,0.0,0.0,0.0,0.0,0.0,0.0,0.0,0.0,0.0,0.0,0.0,0.0,0.0,0.0,0.0,0.0,0.0,0.0,0.0,0.0,0.001,0.001,0.001,0.001,0.001,0.001,0.001,0.003,0.003,0.003,0.003,0.013101010101,0.013101010101,0.0141111111111,0.017101010101,0.0755050505051,0.0869191919192,0.13101010101,0.210575757576,0.241383838384,0.177747474747,0.289565656566,0.291363636364,0.290567560854,-,0.00046251958702
,,,,,,,,,,,,,,,,,,,,,,,,,,,,,,,,,,,,,,,,,,,,,,,,,,,
Algeria,0.0,0.0,0.0,0.0,0.0,0.0,0.0,0.0,0.0,0.0,0.0,0.0,0.0,0.0,0.0,0.0,0.0,0.0,0.0,0.0,0.0,0.0,0.0,0.0,0.0,0.0,0.0,0.0,0.0,0.0,0.0,0.0,0.0,0.0,0.0,0.0,0.0,0.0,0.0,0.0,0.0,0.0,0.0,0.0,0.0,0.0,0.0,0.0,0.0,-,-
Egypt,0.0,0.0,0.0,0.0,0.0,0.0,0.0,0.0,0.0,0.0,0.0,0.0,0.0,0.0,0.0,0.0,0.0,0.0,0.0,0.0,0.0,0.0,0.0,0.0,0.0,0.0,0.0,0.0,0.0,0.0,0.0,0.0,0.0,0.0,0.0232323232323,0.131313131313,0.1755,0.2125,0.286,0.4455,0.5375,0.605,0.657,0.922,1.029,1.309,1.505,1.50912328767,1.729245,0.149000003934,0.00275257742032
South Africa,0.0,0.0,0.0,0.0,0.0,0.0,0.0,0.0,0.0,0.0,0.0,0.0,0.0,0.0,0.0,0.0,0.0,0.0,0.0,0.0,0.0,0.0,0.0,0.0,0.0,0.0,0.0,0.0,0.0,0.0,0.0,0.0,0.0,0.0,0.0,0.0,0.0,0.0323232323232,0.0323232323232,0.0323232323232,0.0323232323232,0.0323232323232,0.0323232323232,0.0323232323232,0.0323232323232,0.0323232323232,0.0323232323232,0.0324117891241,0.0323232323232,-,5.145147225e-05
Other Africa,0.0,0.0,0.0,0.0,0.0,0.0,0.0,0.0,0.0,0.0,0.0,0.0,0.0,0.0,0.0,0.0,0.0,0.0,0.0,0.0,0.0,0.0,0.0,0.0,0.0,0.0,0.0,0.0,0.0,0.0,0.0,0.0,0.0,0.0,0.0,0.0236,0.0925161616162,0.2309,0.2472,0.256154545455,0.267605050505,0.239405050505,0.339505050505,0.353805050505,0.521715121212,0.838426222222,0.864392323232,1.04015512443,1.80131936535,0.736524164677,0.00286730402149
Total Africa,0.0,0.0,0.0,0.0,0.0,0.0,0.0,0.0,0.0,0.0,0.0,0.0,0.0,0.0,0.0,0.0,0.0,0.0,0.0,0.0,0.0,0.0,0.0,0.0,0.0,0.0,0.0,0.0,0.0,0.0,0.0,0.0,0.0,0.0,0.0232323232323,0.154913131313,0.268016161616,0.475723232323,0.565523232323,0.733977777778,0.837428282828,0.876728282828,1.02882828283,1.30812828283,1.58303835354,2.17974945455,2.40171555556,2.58169020123,3.56288759767,0.383841067553,0.00567133259028
,,,,,,,,,,,,,,,,,,,,,,,,,,,,,,,,,,,,,,,,,,,,,,,,,,,
Australia,0.0,0.0,0.0,0.0,0.0,0.0,0.0,0.0,0.0,0.0,0.0,0.0,0.0,0.0,0.0,0.0,0.0,0.0,0.0,0.0,0.0,0.0,0.0,0.0,0.0,0.0,0.0,0.0,0.002,0.006,0.007,0.007,0.008,0.018,0.043,0.134,0.287,0.534,0.704,0.795,1.299,2.162,2.852,3.458,4.438,5.429,5.96,7.725,9.2,0.194201350212,0.0146443750709
Bangladesh,0.0,0.0,0.0,0.0,0.0,0.0,0.0,0.0,0.0,0.0,0.0,0.0,0.0,0.0,0.0,0.0,0.0,0.0,0.0,0.0,0.0,0.0,0.0,0.0,0.0,0.0,0.0,0.0,0.0,0.0,0.0,0.0,0.0,0.0,0.0,0.0,0.0,0.0,0.0,0.0,0.0010101010101,0.0020202020202,0.0020202020202,0.0020202020202,0.0020202020202,0.0020202020202,0.0020202020202,0.00202573682026,0.0020202020202,-,3.21571702e-06
China,0.0,0.0,0.0,0.0,0.0,0.0,0.0,0.0,0.0,0.0,0.0,0.0,0.0,0.0,0.0,0.0,0.0,0.0,0.0,0.0,0.0,0.0,0.0,0.0,0.0,0.0020202020202,0.00909090909091,0.131313131313,0.212121212121,0.383838383838,0.616161616162,0.0939393939394,0.19797979798,0.355555555556,0.473737373737,0.589898989899,0.719191919192,0.837373737374,0.99696969697,1.27777777778,1.94606060606,3.71181818182,5.47929292929,13.1,27.6,44.622,70.331,95.98,131.87652,0.377764374018,0.209918394685
China Hong Kong SAR,0.0,0.0,0.0,0.0,0.0,0.0,0.0,0.0,0.0,0.0,0.0,0.0,0.0,0.0,0.0,0.0,0.0,0.0,0.0,0.0,0.0,0.0,0.0,0.0,0.0,0.0,0.0,0.0,0.0,0.0,0.0,0.0,0.0,0.0,0.0,0.0,0.0,0.0,0.0,0.0,0.0,0.000694,0.000865,0.000807,0.001099,0.001041,0.000868,0.001053,0.000836,-0.203902736306,1.33072797e-06
India,0.0,0.0,0.0,0.0,0.0,0.0,0.0,0.0,0.0,0.0,0.0,0.0,0.0,0.0,0.0,0.0,0.0,0.0,0.0,0.0,0.0,0.0,0.0,0.0,0.0,0.030303030303,0.11291,0.08847,0.09477,0.19128,0.49647,0.87838,0.988,1.079,1.446,1.582,2.085,2.085,2.60448,5.22543,5.991,9.547,11.413,13.334,18.187,21.7398125,26.3694375,31.1950445625,34.8438461413,0.120027527213,0.0554637350142
Indonesia,0.0,0.0,0.0,0.0,0.0,0.0,0.0,0.0,0.0,0.0,0.0,0.0,0.0,0.0,0.0,0.0,0.0,0.0,0.0,0.0,0.0,0.0,0.0,0.0,0.0,0.0,0.0,0.0,0.0,0.0,0.0,0.0,0.0,0.0,0.0,0.0,0.0,0.0,0.0,0.0,0.0,0.0,2e-05,0.00027,0.00367,0.003636,0.00469,0.00470285,0.00593147058824,0.264705687761,9.44159547e-06
Japan,0.0,0.0,0.0,0.0,0.0,0.0,0.0,0.0,0.0,0.0,0.0,0.0,0.0,0.0,0.0,0.0,0.0,0.0,0.0,0.0,0.0,0.0,0.0,0.0,0.0,0.0,0.0,0.0,0.0009595959596,0.0009595959596,0.0009595959596,0.00191919191919,0.0009595959596,0.00707070707071,0.0363636363636,0.109,0.252,0.413,0.832,1.44,1.91,2.135,2.74,2.945,3.427302299,3.925729063,4.459041,4.727417,5.102727975,0.0823475196958,0.00812241993845
Malaysia,0.0,0.0,0.0,0.0,0.0,0.0,0.0,0.0,0.0,0.0,0.0,0.0,0.0,0.0,0.0,0.0,0.0,0.0,0.0,0.0,0.0,0.0,0.0,0.0,0.0,0.0,0.0,0.0,0.0,0.0,0.0,0.0,0.0,0.0,0.0,0.0,0.0,0.0,0.0,0.0,0.0,0.0,0.0,0.0,0.0,0.0,0.0,0.0,0.0,-,-
New Zealand,0.0,0.0,0.0,0.0,0.0,0.0,0.0,0.0,0.0,0.0,0.0,0.0,0.0,0.0,0.0,0.0,0.0,0.0,0.0,0.0,0.0,0.0,0.0,0.0,0.0,0.0,0.0,0.00069090909091,0.00098585858586,0.0010101010101,0.0010101010101,0.00832626262626,0.0135935555556,0.0220696969697,0.0389929292929,0.120208080808,0.138987878788,0.155483159596,0.146477306061,0.361451721717,0.614341264646,0.622171809899,0.929799663636,1.05837027955,1.47664679078,1.63385565631,1.95193971605,2.07411556301,2.01751930037,-0.0246219709516,0.0032114465721
Pakistan,0.0,0.0,0.0,0.0,0.0,0.0,0.0,0.0,0.0,0.0,0.0,0.0,0.0,0.0,0.0,0.0,0.0,0.0,0.0,0.0,0.0,0.0,0.0,0.0,0.0,0.0,0.0,0.0,0.0,0.0,0.0,0.0,0.0,0.0,0.0,0.0,0.0,0.0,0.0,0.0,0.0,0.0,0.0,0.0,0.010101010101,0.010101010101,0.0181818181818,0.0182316313823,0.0181818181818,-,2.894145291e-05
Philippines,0.0,0.0,0.0,0.0,0.0,0.0,0.0,0.0,0.0,0.0,0.0,0.0,0.0,0.0,0.0,0.0,0.0,0.0,0.0,0.0,0.0,0.0,0.0,0.0,0.0,0.0,0.0,0.0,0.0,0.0,0.0,0.0,0.0,0.0,0.0,0.0,0.0,0.0,0.0,0.0,0.01746,0.053235,0.057842,0.061386,0.064428,0.061716769,0.088203869,0.075339,0.075086546,-0.00062036176678,0.00011952125351
Singapore,0.0,0.0,0.0,0.0,0.0,0.0,0.0,0.0,0.0,0.0,0.0,0.0,0.0,0.0,0.0,0.0,0.0,0.0,0.0,0.0,0.0,0.0,0.0,0.0,0.0,0.0,0.0,0.0,0.0,0.0,0.0,0.0,0.0,0.0,0.0,0.0,0.0,0.0,0.0,0.0,0.0,0.0,0.0,0.0,0.0,0.0,0.0,0.0,0.0,-,-
South Korea,0.0,0.0,0.0,0.0,0.0,0.0,0.0,0.0,0.0,0.0,0.0,0.0,0.0,0.0,0.0,0.0,0.0,0.0,0.0,0.0,0.0,0.0,0.0,0.0,0.0,0.0,0.0,0.0,0.0,0.00383838383838,0.0009595959596,0.0009595959596,0.00191919191919,0.00383838383838,0.0163131313131,0.0161616161616,0.0121212121212,0.0141414141414,0.0242424242424,0.047442,0.129888,0.233896,0.375641,0.413,0.685,0.816,0.863,0.989056179775,1.1538988764,0.169863015413,0.00183675298467
Taiwan,0.0,0.0,0.0,0.0,0.0,0.0,0.0,0.0,0.0,0.0,0.0,0.0,0.0,0.0,0.0,0.0,0.0,0.0,0.0,0.0,0.0,0.0,0.0,0.0,0.0,0.0,0.0,0.0,0.0,0.0,0.0,0.0,0.0,0.0,0.0,0.0010101010101,0.0111111111111,0.0084,0.0238,0.0252,0.0913,0.2774,0.4436,0.5893,0.78663,1.0275,1.492676671,1.413451181,1.574322369,0.116866007447,0.00250597461127
Thailand,0.0,0.0,0.0,0.0,0.0,0.0,0.0,0.0,0.0,0.0,0.0,0.0,0.0,0.0,0.0,0.0,0.0,0.0,0.0,0.0,0.0,0.0,0.0,0.0,0.0,0.0,0.0,0.0,0.0,0.0,0.0,0.0,0.0,0.0,0.0,0.0,0.0,0.0,0.0,0.0,0.0,0.0,0.0,0.0,0.001,0.003,0.004,0.005,0.00498633879781,-,7.9371539e-06
Vietnam,0.0,0.0,0.0,0.0,0.0,0.0,0.0,0.0,0.0,0.0,0.0,0.0,0.0,0.0,0.0,0.0,0.0,0.0,0.0,0.0,0.0,0.0,0.0,0.0,0.0,0.0,0.0,0.0,0.0,0.0,0.0,0.0,0.0,0.0,0.0,0.0,0.0,0.0,0.0,0.0,0.0,0.0,0.0,0.0010101010101,0.010101010101,0.050505050505,0.050505050505,0.078497301785,0.0782828282828,-,0.00012460902508
Other Asia Pacific,0.0,0.0,0.0,0.0,0.0,0.0,0.0,0.0,0.0,0.0,0.0,0.0,0.0,0.0,0.0,0.0,0.0,0.0,0.0,0.0,0.0,0.0,0.0,0.0,0.0,0.0,0.0,0.0,0.0,0.0,0.0,0.0020202020202,0.0050505050505,0.00606060606061,0.00906060606061,0.0104707070707,0.0105707070707,0.0117208080808,0.00846060606061,0.0131414141414,0.0226824242424,0.0326434343434,0.0461444444444,0.0402036363636,0.0431555454545,0.0418745454546,0.0424517474748,0.0440893019233,0.0431366508564,-0.0189267788082,6.866405602e-05
Total Asia Pacific,0.0,0.0,0.0,0.0,0.0,0.0,0.0,0.0,0.0,0.0,0.0,0.0,0.0,0.0,0.0,0.0,0.0,0.0,0.0,0.0,0.0,0.0,0.0,0.0,0.0,0.0323232323232,0.122000909091,0.220474040404,0.310836666667,0.586926464646,1.12256090909,0.992544646465,1.21550264646,1.49159494949,2.06346767677,2.56274949495,3.51598282828,4.05911911919,5.34043003333,9.18544291364,12.022742396,18.7778786281,24.3402252394,35.0033672189,56.7361538575,79.3677917964,111.638015574,144.333023308,185.997296517,0.292198240757,0.296066761017
,,,,,,,,,,,,,,,,,,,,,,,,,,,,,,,,,,,,,,,,,,,,,,,,,,,
Total World,0.0,0.0,0.0,0.0,0.0,0.0,0.0,0.0,0.0,0.0,0.0,0.0,0.0,0.0030303030303,0.00606060606061,0.0106060606061,0.0106060606061,0.0186868686869,0.0330686868687,0.0450909090909,0.0647393939394,0.1401,0.197132323232,0.334526262626,2.6541040404,3.63864526337,4.09359253329,4.68096667471,5.67294288707,7.13252945455,8.26144783636,9.18397815896,12.0079320821,15.9535546111,21.2304237783,29.4806896172,38.464776132,53.0191557288,63.3964870839,85.551066548,104.307414036,133.103819376,170.569785286,219.114520371,277.799657757,343.21847331,435.943265157,522.120635471,628.227563117,0.206519514322,1.0
Of which: OECD,0.0,0.0,0.0,0.0,0.0,0.0,0.0,0.0,0.0,0.0,0.0,0.0,0.0,0.0030303030303,0.00606060606061,0.0106060606061,0.0106060606061,0.0186868686869,0.0330686868687,0.0450909090909,0.0647393939394,0.1401,0.197132323232,0.334526262626,2.6541040404,3.60431193004,3.9705916242,4.46018354339,5.36293450323,6.54803329293,7.13943844242,8.16074939192,10.698876097,14.377466796,19.1101543694,26.8554515253,35.0187020404,49.0963579778,58.6168292404,77.6079287823,94.650532598,117.565249916,150.589487234,188.407322763,226.455098973,268.646095761,327.993565682,378.036579742,438.824701016,0.163979843259,0.69851231575
                 Non-OECD,0.0,0.0,0.0,0.0,0.0,0.0,0.0,0.0,0.0,0.0,0.0,0.0,0.0,0.0,0.0,0.0,0.0,0.0,0.0,0.0,0.0,0.0,0.0,0.0,0.0,0.0343333333333,0.123000909091,0.220783131313,0.310008383838,0.584496161616,1.12200939394,1.02322876704,1.30905598515,1.57608781515,2.1202694089,2.6252380919,3.44607409159,3.92279775104,4.7796578435,7.94313776567,9.65688143753,15.5385694602,19.9802980517,30.7071976081,51.3445587844,74.5723775496,107.949699474,144.08405573,189.402862101,0.318131774664,0.301487654448
                 European Union #,0.0,0.0,0.0,0.0,0.0,0.0,0.0,0.0,0.0,0.0,0.0,0.0,0.0,0.0030303030303,0.00606060606061,0.0106060606061,0.0106060606061,0.0186868686869,0.0303737373737,0.0385353535354,0.0579191919192,0.134868686869,0.192555555556,0.332646464646,0.519727272727,0.785625061354,0.986903745414,1.53891384642,2.29108298808,2.99358985859,3.86960712929,4.81025242222,7.28154011717,11.1890829576,14.2272056421,20.4815323232,27.0666965657,36.9965778788,44.6440690657,59.4274609596,70.6082778283,82.3193638131,104.616592944,119.116709221,132.538325339,148.593330982,178.425248517,204.933739264,236.495365329,0.157170593739,0.376448571682
                 Former Soviet Union,0.0,0.0,0.0,0.0,0.0,0.0,0.0,0.0,0.0,0.0,0.0,0.0,0.0,0.0,0.0,0.0,0.0,0.0,0.0,0.0,0.0,0.0,0.0,0.0,0.0,0.0,0.0,0.0,0.0,0.0,0.0,0.001,0.002,0.0070505050505,0.0050303030303,0.0129606060606,0.0212515151515,0.0398121212121,0.0869424242424,0.0900525252525,0.146964646465,0.179446464646,0.304842424242,0.374442424242,0.454324242424,0.611301151515,1.01640210101,1.38656386869,1.90973103357,0.381085455418,0.00303987134248
,,,,,,,,,,,,,,,,,,,,,,,,,,,,,,,,,,,,,,,,,,,,,,,,,,,
 * Based on gross generation and not accounting for cross-border electricity supply.,,,,,,,,,,,,,,,,,,,,,,,,,,,,,,,,,,,,,,,,,,,,,,,,,,,
 ^ Less than 0.05.,,,,,,,,,,,,,,,,,,,,,,,,,,,,,,,,,,,,,,,,,,,,,,,,,,,
â™¦ Less than 0.05%.,,,,,,,,,,,,,,,,,,,,,,,,,,,,,,,,,,,,,,,,,,,,,,,,,,,
" # Excludes Estonia, Latvia and Lithuania prior to 1985 and Slovenia prior to 1991.",,,,,,,,,,,,,,,,,,,,,,,,,,,,,,,,,,,,,,,,,,,,,,,,,,,
Notes: Annual changes and shares of total are based on data expressed in tonnes oil equivalent.,,,,,,,,,,,,,,,,,,,,,,,,,,,,,,,,,,,,,,,,,,,,,,,,,,,
Growth rates are adjusted for leap years.,,,,,,,,,,,,,,,,,,,,,,,,,,,,,,,,,,,,,,,,,,,,,,,,,,,
