key,country_name,continent,Area,Population,GDP,Extraction,Emissions,Consumption,Historical,Reserves,PeopleAtRisk,Poverty,SeaLevel,PetersEmissions
GW,Guinea-Bissau,Africa,28120.0000000000,1515224.0000000000,1797473559.0000000000,0.1052531600,0.9022652200,0.8880831540,7.9000000000,9.5437030400,8196.0000000000,520421.2636000000,284827.4134000000,
EC,Ecuador,South America,248360.0000000000,14464739.0000000000,116000000000.0000000000,77.4000000000,29.2514829800,34.6944239800,652.0000000000,2578.5664340000,48669.0000000000,666824.4679000000,1056212.2040000000,29.2514829800
ET,Ethiopia,Africa,1000000.0000000000,82949541.0000000000,86354410480.0000000000,3.7430000000,7.2603240420,12.6918248100,108.7000000000,339.3920000000,2706659.0000000000,25914257.4300000000,327482.5482000000,7.2603240420
AT,Austria,Europe,82430.0000000000,8384745.0000000000,335000000000.0000000000,3.5741318280,63.2871187800,101.8367307000,4541.9000000000,1142.2397640000,3199.0000000000,0.0010000000,0.1000000000,63.2871187800
SM,San Marino,Europe,60.0000000000,31534.0000000000,,0.0026015760,,,,0.8314252800,,,0.1000000000,
RS,Serbia,Europe,87460.0000000000,7292574.0000000000,82266194880.0000000000,3.7922306160,41.2945859800,40.6455057000,2273.0000000000,1211.9409160000,777.0000000000,18141.5904900000,6588.7217400000,
SJ,Svalbard,Europe,,,,,,,,,,,,
BS,Bahamas,North America,10010.0000000000,342877.0000000000,8703602037.0000000000,0.0624978350,4.3688861890,4.3002147690,139.6000000000,4.8008060100,,,159558.8063000000,
CA,Canada,North America,9093510.0000000000,34108752.0000000000,1330000000000.0000000000,975.8000000000,518.4747389000,588.3548850000,25716.0000000000,90361.5928800000,3664.0000000000,0.0010000000,1361235.9510000000,518.4747389000
CO,Colombia,South America,1109500.0000000000,46294841.0000000000,438000000000.0000000000,337.7000000000,75.3726258600,84.7863745100,2213.2000000000,14762.5436400000,304219.0000000000,3777659.0260000000,928015.2719000000,75.3726258600
KR,South Korea,Asia,97100.0000000000,48875000.0000000000,1420000000000.0000000000,3.7000000000,563.1263583000,630.6346642000,10409.2000000000,255.9664800000,39225.0000000000,0.0010000000,2424372.0400000000,563.1263583000
BO,Bolivia,South America,1083300.0000000000,9929849.0000000000,48148878092.0000000000,30.4000000000,12.6032979000,11.8343502100,275.6000000000,594.3150000000,128833.0000000000,1419017.9220000000,0.1000000000,12.6032979000
MM,Burma,Asia,653520.0000000000,47963012.0000000000,93538677157.0000000000,25.6000000000,46.9529550000,46.2149348400,332.5000000000,703.9486791000,44323.0000000000,9989187.9030000000,6725949.0990000000,
CG,Congo,Africa,341500.0000000000,4042899.0000000000,17322314027.0000000000,46.2000000000,8.6951607160,8.5584876580,75.2000000000,812.3711200000,10629.0000000000,1753864.3090000000,39061.0063900000,
CN,China,Asia,9327480.0000000000,1338299512.0000000000,10200000000000.0000000000,7957.6000000000,8240.9579510000,5992.8583400000,105915.4000000000,244733.5774000000,106407812.0000000000,160006943.6000000000,107856087.0000000000,8240.9579510000
AF,Afghanistan,Asia,652230.0000000000,34385068.1200000000,41512331096.0000000000,28.2804319100,20.8376542500,20.5101219600,72.4000000000,9038.0085060000,364238.0000000000,8534373.9080000000,0.1000000000,
CL,Chile,South America,743530.0000000000,17113688.0000000000,269000000000.0000000000,4.6422592960,68.4394559500,81.8358457200,1831.9000000000,356.5977315000,44576.0000000000,221054.0852000000,275474.5862000000,68.4394559500
CM,Cameroon,Africa,472710.0000000000,19598889.0000000000,44879062688.0000000000,1.7693535300,22.5276289400,22.1735331400,180.4000000000,160.4339923000,14184.0000000000,1641167.2630000000,68359.8860900000,
TD,Chad,Africa,1259200.0000000000,11227208.0000000000,15383060869.0000000000,19.7000000000,7.7217273830,7.6003550330,8.4000000000,628.1220000000,304778.0000000000,5104945.8080000000,0.1000000000,
DK,Denmark,Europe,42430.0000000000,5544139.0000000000,219000000000.0000000000,54.6000000000,43.7424289700,70.8557709100,3537.0000000000,486.6199307000,0E-10,0.0010000000,1026136.4120000000,43.7424289700
VU,Vanuatu,Oceania,12190.0000000000,239651.0000000000,1066381785.0000000000,0.7969041840,0.5352842000,0.5268704480,3.1000000000,38.6402398900,253.0000000000,31460.8701400000,25980.4690500000,
NG,Nigeria,Africa,910770.0000000000,158423182.0000000000,377000000000.0000000000,424.8000000000,97.8270597100,95.2945431600,2321.1000000000,26770.0056000000,87185.0000000000,107696079.1000000000,4802839.5660000000,97.8270597100
NL,Netherlands,Europe,33730.0000000000,16612213.0000000000,702000000000.0000000000,149.1000000000,180.6254087000,167.1015802000,9431.8000000000,2482.5400000000,787.0000000000,0.0010000000,10187293.4300000000,180.6254087000
EE,Estonia,Europe,42390.0000000000,1339646.0000000000,27616870958.0000000000,1.8380134440,16.1986181000,18.0670462100,1177.0000000000,587.4019603000,0E-10,4727.9718620000,96440.6600600000,16.1986181000
ER,Eritrea,Africa,101000.0000000000,5253676.0000000000,2868080351.0000000000,0.3780430000,1.4396702170,1.4170410630,10.7000000000,34.2785920000,384752.0000000000,3854459.2130000000,64676.8494300000,
PT,Portugal,Europe,91470.0000000000,10642841.0000000000,273000000000.0000000000,3.9661026120,55.5360661000,73.2026787600,1878.5000000000,1267.5078390000,192.0000000000,0.0010000000,558580.9956000000,55.5360661000
PG,Papua New Guinea,Oceania,452860.0000000000,6858266.0000000000,16952878745.0000000000,29.6050885000,8.5097178730,8.3759596600,91.7000000000,934.5338789000,50120.0000000000,2477205.6790000000,138601.1666000000,
CZ,Czech Republic,Europe,77250.0000000000,10525090.0000000000,266000000000.0000000000,76.6000000000,109.4819717000,110.2672057000,10394.6000000000,2234.6280000000,16392.0000000000,6042.2436670000,0.1000000000,109.4819717000
FI,Finland,Europe,303900.0000000000,5363624.0000000000,197000000000.0000000000,13.1769824400,63.3441042200,100.1876409000,2514.4000000000,4211.1690430000,21.0000000000,0.0010000000,234188.9111000000,63.3441042200
CX,Christmas Island,Asia,,,,,,,,,,,,
PF,French Polynesia,Oceania,3660.0000000000,270764.0000000000,,0.2392673760,,,,11.6015814600,,,53727.9983600000,
GH,Ghana,Africa,227540.0000000000,24391823.0000000000,41221548647.0000000000,0.8516822200,20.6916922200,20.3664542000,181.9000000000,77.2252556800,237683.0000000000,5844442.3870000000,561281.9465000000,
GN,Guinea,Africa,245720.0000000000,9981590.0000000000,10886858357.0000000000,0.9197299600,5.4648000810,5.3789027690,50.3000000000,83.3954022400,17988.0000000000,3789240.1810000000,362284.1048000000,
GY,Guyana,South America,196850.0000000000,754493.0000000000,2590945640.0000000000,1.2290408490,1.3005588460,1.2801162850,70.8000000000,94.4094568500,54102.0000000000,132973.7778000000,236164.8348000000,
IT,Italy,Europe,294140.0000000000,60483521.0000000000,1910000000000.0000000000,31.8000000000,407.9240674000,595.1201847000,19269.2000000000,583.7131529000,4296.0000000000,0.0010000000,4560828.8520000000,407.9240674000
AQ,Antarctica,Antarctica,,,,,,,,,,,,
ML,Mali,Africa,1220190.0000000000,15369809.0000000000,16363001170.0000000000,4.5671711700,8.2136211560,8.0845170770,18.6000000000,414.1227245000,100343.0000000000,7750994.6790000000,0.1000000000,
MA,Morocco,Africa,446300.0000000000,31951412.0000000000,153000000000.0000000000,1.6705009000,48.9416270800,58.9481351700,969.5000000000,151.4706496000,24191.0000000000,705267.8650000000,1198278.2770000000,48.9416270800
VA,Vatican City,Europe,,,,,,,,,,,,
BN,Brunei Darussalam,Asia,5270.0000000000,398920.0000000000,19566429230.0000000000,51.5000000000,9.8216235160,9.6672443890,176.2000000000,1097.7402180000,,0.0010000000,36861.0297800000,
AD,Andorra,Europe,470.0000000000,84864.0000000000,,0.0203790120,,,,6.5128313600,,,0.1000000000,
SB,Solomon Islands,Oceania,27990.0000000000,538148.0000000000,1457888179.0000000000,1.8298070640,0.7318059240,0.7203031860,5.4000000000,88.7235696900,486.0000000000,,72059.3087600000,
BR,Brazil,South America,8459420.0000000000,194946470.0000000000,2190000000000.0000000000,363.2000000000,419.5365455000,443.9529822000,9836.6000000000,16108.3711300000,940521.0000000000,11452621.6500000000,9511036.6820000000,419.5365455000
BG,Bulgaria,Europe,108560.0000000000,7543325.0000000000,104000000000.0000000000,19.2000000000,41.3135520900,43.3056174900,3170.6000000000,4806.4816800000,645.0000000000,0.0010000000,115218.0284000000,41.3135520900
TF,French Southern and Antarctic Lands,Antarctica,,,,,,,,,,,,
CD,Democratic Republic of the Congo,Africa,2267050.0000000000,65965795.0000000000,22904544248.0000000000,8.4855681500,11.4972337400,11.3165168900,161.4000000000,769.4186336000,11802.0000000000,48495572.4700000000,24372.0260600000,
MO,Macau,Asia,28.0000000000,543656.0000000000,34642356841.0000000000,0.0018304610,17.3891813700,17.1158531700,,0.0887552680,,0.0010000000,434371.1951000000,
BI,Burundi,Africa,25680.0000000000,8382849.0000000000,3424495848.0000000000,0.0961202400,1.7189702090,1.6919509370,8.5000000000,8.7155865600,199295.0000000000,5713124.3890000000,0.1000000000,
PW,Palau,Oceania,460.0000000000,20472.0000000000,286126122.7000000000,0.0300718560,0.1436247270,0.1413671920,2.4000000000,1.4581222600,,,11376.5770100000,
BB,Barbados,North America,430.0000000000,273331.0000000000,5297753009.0000000000,0.0026847220,2.6592759940,2.6174767220,37.5000000000,0.2062284300,,,42895.8291500000,
NO,Norway,Europe,305470.0000000000,4885240.0000000000,277000000000.0000000000,527.5000000000,50.6640675000,49.3747078300,1878.0000000000,7107.5873730000,332.0000000000,0.0010000000,456194.0679000000,50.6640675000
NP,Nepal,Asia,143350.0000000000,29959364.0000000000,35916742228.0000000000,9.3713055600,18.0288756800,17.7454925800,55.0000000000,454.3952739000,210853.0000000000,7435914.1450000000,0.1000000000,
AL,Albania,Europe,27400.0000000000,3204284.0000000000,28252200032.0000000000,1.1880530400,3.6989226180,5.9242823610,227.9000000000,379.6842112000,168852.0000000000,18187.1657200000,262953.2220000000,3.6989226180
BM,Bermuda,North America,50.0000000000,64600.0000000000,,0.0003121770,,,,0.0239800500,,,53142.3437400000,
BD,Bangladesh,Asia,130170.0000000000,148692131.0000000000,247000000000.0000000000,42.3000000000,50.2267044100,71.1294204000,657.4000000000,774.3633638000,6817080.0000000000,64309346.6600000000,20755681.7900000000,50.2267044100
AS,American Samoa,Oceania,200.0000000000,68420.0000000000,,0.0130747200,,,,0.6339662000,0E-10,,6743.2966240000,
AR,Argentina,South America,2736690.0000000000,40412376.0000000000,647000000000.0000000000,184.7000000000,189.7903355000,179.2058269000,5894.8000000000,1784.3723690000,67565.0000000000,371793.8592000000,1816287.3610000000,189.7903355000
SZ,Swaziland,Africa,17200.0000000000,1186056.0000000000,6100290245.0000000000,0.0643796000,3.0621199920,3.0139887020,23.7000000000,5.8375424000,109432.0000000000,481894.5528000000,0.1000000000,
ZM,Zambia,Africa,743390.0000000000,12926409.0000000000,20191176858.0000000000,2.7825087700,1.9293430760,5.5912306270,183.9000000000,252.3006189000,542867.0000000000,7421924.4170000000,0.1000000000,1.9293430760
CF,Central African Republic,Africa,622980.0000000000,4401051.0000000000,3471885322.0000000000,2.3318141400,1.7427579720,1.7153647970,9.1000000000,211.4344282000,8032.0000000000,2531429.2520000000,0.1000000000,
CU,Cuba,North America,106440.0000000000,11257979.0000000000,114100000000.0000000000,0.6645623980,57.2739783000,56.3737293000,1256.0000000000,51.0487304400,81895.0000000000,,1130080.4350000000,
AM,Armenia,Asia,28480.0000000000,3092072.0000000000,16892224293.0000000000,1.2348814080,4.9134942240,6.3446526640,505.6000000000,394.6498662000,14787.0000000000,36232.8003500000,0.1000000000,4.9134942240
AU,Australia,Oceania,7682300.0000000000,22328800.0000000000,865000000000.0000000000,1112.0000000000,365.5125066000,352.8220215000,13108.5000000000,163087.9653000000,680381.0000000000,0.0010000000,1610848.9790000000,365.5125066000
AI,Anguilla,North America,,,,,,,,,,,,
BV,Bouvet Island,Antarctica,,,,,,,,,,,,
ZW,Zimbabwe,Africa,386850.0000000000,12571454.0000000000,5916000000.0000000000,1.4479795500,9.2720856580,1.000E-7,632.7000000000,1019.8029600000,,5467803.1930000000,0.1000000000,9.2720856580
ID,Indonesia,Asia,1811570.0000000000,239870937.0000000000,1040000000000.0000000000,1065.1000000000,476.5565959000,483.0275592000,6959.5000000000,19495.4478900000,385208.0000000000,43320691.2200000000,26781590.1200000000,476.5565959000
MU,Mauritius,Africa,2030.0000000000,1281214.0000000000,17516062476.0000000000,0.0075982900,4.0385084200,6.4194062740,63.2000000000,0.6889657600,0E-10,,72328.2073800000,4.0385084200
MR,Mauritania,Africa,1030700.0000000000,3459773.0000000000,6726084266.0000000000,3.8579101000,3.3762454360,3.3231766320,59.0000000000,349.8113344000,106629.0000000000,742099.6504000000,706832.6618000000,
CV,Cape Verde,Africa,4030.0000000000,495999.0000000000,1975917570.0000000000,0.0150842900,0.9918375110,0.9762475220,5.5000000000,1.3677497600,49.0000000000,73228.9565300000,68667.5895600000,
MC,Monaco,Europe,2.0000000000,35407.0000000000,,0.0000867192,,,,0.0277141760,,,35406.9964600000,
MT,Malta,Europe,320.0000000000,412961.0000000000,11001218653.0000000000,0.0138750720,2.2667673290,4.6661317910,73.8000000000,4.4342681600,,0.0010000000,90121.9243900000,2.2667673290
OM,Oman,Asia,309500.0000000000,2782435.0000000000,72660250612.0000000000,183.1000000000,36.4727573800,35.8994680000,451.9000000000,3762.4640000000,,68775.0833000000,152602.9258000000,
BZ,Belize,North America,22810.0000000000,344700.0000000000,2301088112.0000000000,0.1424151470,1.1550610920,1.1369055070,12.4000000000,10.9396988100,2779.0000000000,22302.0900000000,54407.4135300000,
MV,Maldives,Asia,300.0000000000,315885.0000000000,2692109660.0000000000,0.0196120800,1.3513394410,1.3300986960,9.1000000000,0.9509493000,97.0000000000,,315885.0000000000,
MX,Mexico,North America,1943950.0000000000,113423047.0000000000,1640000000000.0000000000,583.7000000000,466.1306562000,522.5248764000,12242.8000000000,8272.1633490000,169957.0000000000,1194102.1590000000,3076111.2970000000,466.1306562000
MY,Malaysia,Asia,328550.0000000000,28401017.0000000000,418000000000.0000000000,239.2000000000,199.5413978000,184.2212424000,2778.4000000000,7498.3589070000,27528.0000000000,0.0010000000,2691965.6870000000,199.5413978000
MZ,Mozambique,Africa,786380.0000000000,23390765.0000000000,22034867418.0000000000,2.9434203400,2.3639135560,10.4160865500,107.2000000000,266.8910810000,856675.0000000000,12758136.9000000000,1515674.3230000000,2.3639135560
KM,Comoros,Africa,1860.0000000000,734750.0000000000,805834582.1000000000,0.0069619800,0.4044991440,0.3981411090,2.6000000000,0.6312691200,163.0000000000,259933.1781000000,103136.9310000000,
IM,Isle of Man,Europe,570.0000000000,82869.0000000000,,0.0247149720,,,,7.8985401600,,,23014.9090400000,
CK,Cook Islands,Oceania,,,,,,,1.1000000000,,,,12572.7069100000,
SH,Saint Helena,Africa,,,,,,,,,,,,
MW,Malawi,Africa,94280.0000000000,14900841.0000000000,12989361240.0000000000,0.3528900400,1.2550095740,2.9239430710,34.5000000000,31.9978777600,1314328.0000000000,8443977.8180000000,0.1000000000,1.2550095740
NC,New Caledonia,Oceania,18280.0000000000,254000.0000000000,,1.1950294080,,,,57.9445106800,,,87087.9386000000,
SO,Somalia,Africa,627340.0000000000,9330872.0000000000,5896000000.0000000000,2.3481336200,2.9595738480,2.9130544080,12.3000000000,212.9141773000,429564.0000000000,,200740.4612000000,
TH,Thailand,Asia,510890.0000000000,69122234.0000000000,591000000000.0000000000,139.0000000000,299.2523706000,261.8456889000,3927.9000000000,3359.5077590000,2592843.0000000000,244703.7679000000,9523066.9490000000,299.2523706000
TJ,Tajikistan,Asia,139960.0000000000,6878637.0000000000,14877688417.0000000000,6.0686096160,7.4680491110,7.3506641490,409.7000000000,443.6495468000,369939.0000000000,431745.0802000000,0.1000000000,
BA,Bosnia and Herzegovina,Europe,51000.0000000000,3760149.0000000000,32299517474.0000000000,2.2113396000,16.2131626900,15.9583195000,679.6000000000,706.7114880000,18546.0000000000,1317.4330250000,2978.2011980000,
HM,Heard Island and McDonald Islands,Antarctica,,,,,,,,,,,,
FR,France,Europe,547660.0000000000,64876618.4300000000,2190000000000.0000000000,0.0500000000,362.5563956000,567.9646621000,32666.6000000000,7588.9728140000,3709.0000000000,0.0010000000,2619636.1080000000,362.5563956000
BJ,Benin,Africa,110620.0000000000,8849892.0000000000,14047962128.0000000000,0.4140506600,7.0515572140,6.9407187920,39.3000000000,37.5435430400,75956.0000000000,3074840.8470000000,1245027.5860000000,
LU,Luxembourg,Europe,2590.0000000000,505831.0000000000,43956007873.0000000000,0.1123013640,9.3008905860,12.4669571500,686.1000000000,35.8898579200,0E-10,0.0010000000,0.1000000000,9.3008905860
NU,Niue,Oceania,,,,,,,0.1000000000,,,,153.2248488000,
NE,Niger,Africa,1266700.0000000000,15511953.0000000000,11292657286.0000000000,4.7412581000,5.6684961290,5.5793970630,30.2000000000,429.9078464000,1167285.0000000000,6194331.9430000000,0.1000000000,
TM,Turkmenistan,Asia,469930.0000000000,5041995.0000000000,41715711608.0000000000,122.4000000000,20.9397437500,20.6106067800,1846.5000000000,17235.0106700000,24.0000000000,661902.3078000000,284172.0315000000,
SI,Slovenia,Europe,20140.0000000000,2052821.0000000000,55555483266.0000000000,0.8732623440,15.1951351400,21.4859748200,608.8000000000,279.0817523000,0E-10,944.9946114000,26770.5512700000,15.1951351400
KZ,Kazakhstan,Asia,2699700.0000000000,16316050.0000000000,199000000000.0000000000,544.1000000000,240.1130257000,198.9333568000,10564.9000000000,88838.9689500000,35432.0000000000,17172.3163000000,633063.5558000000,240.1130257000
LA,Laos,Asia,230800.0000000000,6200894.0000000000,15953333066.0000000000,15.0882268800,1.4946722440,2.7720934220,23.2000000000,731.5969948000,166996.0000000000,1923269.0480000000,0.1000000000,1.4946722440
LK,Sri Lanka,Asia,62710.0000000000,20859949.0000000000,106000000000.0000000000,4.0995784560,11.4710731000,23.7682529100,287.6000000000,198.7801020000,450581.0000000000,1286321.1230000000,1135252.4520000000,11.4710731000
GA,Gabon,Africa,257670.0000000000,1505463.0000000000,22858148052.0000000000,37.6000000000,11.4739445700,11.2935937800,145.7000000000,1542.6676320000,,58428.0350500000,89181.1591600000,
CY,Cyprus,Asia,9240.0000000000,1103647.0000000000,24991692153.0000000000,0.6040520640,7.5764587070,12.7262124000,192.4000000000,128.0394931000,30.0000000000,0.0010000000,106636.2714000000,7.5764587070
DJ,Djibouti,Africa,23180.0000000000,888716.0000000000,2012859804.0000000000,0.0867627400,1.0103811460,0.9944996820,14.5000000000,7.8671065600,60405.0000000000,117601.6001000000,67784.5555600000,
DM,Dominica,North America,750.0000000000,67757.0000000000,834075050.4000000000,0.0046826550,0.4186748150,0.4120939620,2.5000000000,0.3597007500,,,7069.8602400000,
AW,Aruba,North America,180.0000000000,107488.0000000000,,0.0011238370,,,,0.0863281800,,,31789.3825200000,
TN,Tunisia,Africa,155360.0000000000,10549100.0000000000,101000000000.0000000000,11.6000000000,25.5534934400,29.5365018600,557.7000000000,177.9679000000,10386.0000000000,114197.0831000000,1004957.7960000000,25.5534934400
BT,Bhutan,Asia,38390.0000000000,725940.0000000000,3868462132.0000000000,2.5096925040,1.9418248570,1.9113026910,7.2000000000,121.6898121000,98.0000000000,64985.2992000000,0.1000000000,
KY,Cayman Islands,North America,240.0000000000,56230.0000000000,,0.0014984500,,,,0.1151042400,,,33508.5872200000,
TR,Turkey,Asia,769630.0000000000,72752325.0000000000,1110000000000.0000000000,68.9000000000,295.4505124000,370.1209146000,5750.7000000000,4759.7576400000,99353.0000000000,0.0010000000,1733996.3750000000,295.4505124000
GB,United Kingdom,Europe,241930.0000000000,62218761.0000000000,2230000000000.0000000000,357.9000000000,493.1584885000,718.7735260000,68763.4000000000,2191.7680200000,20163.0000000000,0.0010000000,5377728.0380000000,493.1584885000
UA,Ukraine,Europe,579320.0000000000,45870700.0000000000,308000000000.0000000000,190.2000000000,279.7453798000,235.8809086000,25431.0000000000,70789.9245000000,123502.0000000000,26333.4514600000,948082.6913000000,279.7453798000
UZ,Uzbekistan,Asia,425400.0000000000,28160361.3700000000,87677554888.0000000000,136.2000000000,44.0108884800,43.3191125800,6000.5000000000,3547.3278290000,34833.0000000000,1767515.4950000000,143.9960367000,
VE,Venezuela,South America,882050.0000000000,28834000.0000000000,353000000000.0000000000,460.4000000000,174.8923104000,157.0764167000,4751.6000000000,100942.1799000000,44752.0000000000,1602149.6860000000,1060929.7300000000,174.8923104000
LV,Latvia,Europe,62180.0000000000,2242916.0000000000,36585960698.0000000000,2.6960999280,6.7223615620,14.5349330900,636.3000000000,861.6337318000,0E-10,2874.6394280000,537018.4621000000,6.7223615620
BY,Belarus,Europe,202820.0000000000,9490500.0000000000,132000000000.0000000000,8.7941940720,58.8061169200,72.2413568300,4382.1000000000,2810.4945880000,2084.0000000000,8688.2323510000,0.1000000000,58.8061169200
LT,Lithuania,Europe,62670.0000000000,3320656.0000000000,60382726358.0000000000,2.7173461320,13.9079948500,19.5707153000,1092.5000000000,868.4237050000,0E-10,4863.9175400000,133158.8701000000,13.9079948500
CR,Costa Rica,North America,51060.0000000000,4658887.0000000000,53898146703.0000000000,0.3187951520,7.8716597720,13.0583709600,146.3000000000,24.4884270600,32661.0000000000,139077.8401000000,39122.1370300000,7.8716597720
HN,Honduras,North America,111890.0000000000,7600524.0000000000,29814254443.0000000000,0.6985896910,14.9656526000,14.7304181400,137.9000000000,53.6625558900,95409.0000000000,1303174.9000000000,164567.4577000000,
HR,Croatia,Europe,55960.0000000000,4424161.4640000000,86342219398.0000000000,2.4264032160,20.6379747500,29.6277029100,856.3000000000,775.4426445000,110.0000000000,2430.1022760000,149808.3452000000,20.6379747500
HU,Hungary,Europe,90530.0000000000,10008703.0000000000,200000000000.0000000000,7.4000000000,49.9144581500,72.8583102200,4256.0000000000,3372.2568000000,8818.0000000000,14903.5669700000,0.1000000000,49.9144581500
IS,Iceland,Europe,100250.0000000000,317398.0000000000,11075562145.0000000000,4.3467999000,5.5595224010,5.4721362160,95.5000000000,1389.1730720000,,0.0010000000,41544.5733600000,
IN,India,Asia,2973190.0000000000,1170938000.0000000000,4190000000000.0000000000,1082.7000000000,2069.7375180000,1856.5185400000,28824.4000000000,129962.0011000000,51007336.0000000000,382545444.6000000000,44050605.5900000000,2069.7375180000
IR,Iran,Asia,1628550.0000000000,73973630.0000000000,846000000000.0000000000,916.9000000000,574.6769446000,578.8996685000,8630.1000000000,119997.8135000000,2261220.0000000000,860103.6015000000,3682692.8400000000,574.6769446000
UM,US Minor Outlying Islands,Oceania,,,,,,,,,,,,
GQ,Equatorial Guinea,Africa,28050.0000000000,700401.0000000000,24326627181.0000000000,41.6000000000,12.2110667600,12.0191296700,45.8000000000,713.9653400000,,,18372.9190300000,
CI,Cote d'Ivoire,Africa,318000.0000000000,19737800.0000000000,37485957803.0000000000,1.1902740000,18.8165638400,18.5207996300,169.9000000000,107.9266560000,149.0000000000,4291456.2690000000,640513.7163000000,
IQ,Iraq,Asia,434320.0000000000,32030823.3000000000,114000000000.0000000000,372.4000000000,57.2237820000,56.3243220000,2444.8000000000,54855.6914400000,4753.0000000000,791189.8549000000,2078202.7370000000,
JP,Japan,Asia,364500.0000000000,127450459.0000000000,4300000000000.0000000000,2.0000000000,1138.4319110000,1509.4742600000,45629.1000000000,711.0180000000,26703.0000000000,0.0010000000,20684776.1600000000,1138.4319110000
SV,El Salvador,North America,20720.0000000000,6192993.0000000000,41293984350.0000000000,0.1293661490,20.7280522700,20.4022427300,149.3000000000,9.9373327200,22334.0000000000,531513.3765000000,106756.4235000000,
JO,Jordan,Asia,88780.0000000000,6047000.0000000000,34765436337.0000000000,8.8947794200,17.4509627200,17.1766634300,394.0000000000,361.5019503000,22342.0000000000,7256.4000000000,253217.0365000000,
KG,Kyrgyzstan,Asia,191800.0000000000,5365167.4950000000,12197272652.0000000000,8.3163712800,5.4980474030,7.8445317070,631.1000000000,2657.7894780000,110816.0000000000,319810.3378000000,0.1000000000,5.4980474030
KP,North Korea,Asia,120410.0000000000,24346229.0000000000,40000000000.0000000000,7.8716351760,20.0785200000,19.7629200000,4052.1000000000,1218.8880000000,607896.0000000000,,1282004.4930000000,
KI,Kiribati,Oceania,810.0000000000,99546.0000000000,245747591.4000000000,0.0529526160,0.1233561980,0.1214172500,1.1000000000,2.5675631100,4980.0000000000,,94788.9355700000,
GF,French Guiana,South America,,,,,,,,,,,,
MS,Montserrat,North America,,,,,,,,,,,,
SL,Sierra Leone,Africa,71620.0000000000,5867536.0000000000,4851503809.0000000000,0.2680736600,2.4352754060,2.3969970410,32.6000000000,24.3072550400,14494.0000000000,2298799.7020000000,296726.8697000000,
LC,Saint Lucia,North America,610.0000000000,174000.0000000000,1885828125.0000000000,0.0038085590,0.9466159430,0.9317367590,7.9000000000,0.2925566100,,,13962.2698200000,
LY,Libya,Africa,1759540.0000000000,6355112.0000000000,106000000000.0000000000,271.2000000000,53.2080780000,52.3717380000,1276.6000000000,22715.2546600000,0E-10,,299483.4455000000,
MG,Madagascar,Africa,581540.0000000000,20713819.0000000000,20065107599.0000000000,2.1767042200,1.9518208600,4.3876355680,61.4000000000,197.3700237000,179095.0000000000,16838263.4700000000,421478.1606000000,1.9518208600
MN,Mongolia,Asia,1553560.0000000000,2756001.0000000000,11122858222.0000000000,101.5618100000,5.5832632820,5.4955039300,350.7000000000,4924.5226480000,70591.0000000000,361801.9102000000,0.1000000000,
DO,Dominican Republic,North America,48320.0000000000,9927320.0000000000,92818322619.0000000000,0.3016878530,46.5913636800,45.8590271100,427.4000000000,23.1743203200,7813.0000000000,222371.9680000000,296170.7714000000,
IO,British Indian Ocean Territory,Asia,,,,,,,,,,,,
FM,Micronesia,Oceania,700.0000000000,111064.0000000000,369956685.6000000000,0.0457615200,0.1857045680,0.1827856100,,2.2188817000,1499.0000000000,22245.5438700000,60918.7261700000,
TV,Tuvalu,Oceania,30.0000000000,9827.0000000000,,0.0019612080,,,,0.0950949300,,,9826.9960690000,
TT,Trinidad and Tobago,North America,5130.0000000000,1341465.0000000000,34515498575.0000000000,109.6000000000,17.3255032100,17.0531759300,773.0000000000,1118.8457160000,11.0000000000,,100045.7085000000,
KW,Kuwait,Asia,17820.0000000000,2736732.0000000000,149800000000.0000000000,400.5000000000,75.1940574000,74.0121354000,1676.1000000000,46276.0820000000,16.0000000000,,623527.9877000000,
SC,Seychelles,Africa,460.0000000000,86525.0000000000,2010996558.0000000000,0.0017217800,1.0094458650,0.9935791020,9.8000000000,0.1561203200,68.0000000000,189.4720337000,35764.9530100000,
RU,Russia,Europe,16376870.0000000000,141750000.0000000000,2810000000000.0000000000,3385.6000000000,1688.6882980000,1339.6271870000,94678.7000000000,446047.6317000000,188103.0000000000,0.0010000000,4079207.7900000000,1688.6882980000
FK,Falkland Islands,South America,,,,,,,,,,,,
AG,Antigua and Barbuda,North America,440.0000000000,88710.0000000000,1843968171.0000000000,0.0027471580,0.9256037950,0.9110548860,16.6000000000,0.2110244400,,,28659.7969600000,
DZ,Algeria,Africa,2381740.0000000000,35468208.0000000000,297000000000.0000000000,408.5000000000,149.0830110000,146.7396810000,2272.4000000000,14634.6856000000,13912.0000000000,957641.6160000000,1252021.3580000000,
AZ,Azerbaijan,Asia,82620.0000000000,9047932.0000000000,89959859743.0000000000,188.1000000000,40.1656073200,36.2995494600,2323.7000000000,5618.1985860000,100031.0000000000,35617.2280400000,2694843.3050000000,40.1656073200
RO,Romania,Europe,230060.0000000000,21442012.0000000000,306000000000.0000000000,59.2000000000,78.3455558300,82.5840323000,6966.2000000000,2050.7793000000,18219.0000000000,84114.4400300000,620095.0535000000,78.3455558300
MK,Macedonia,Europe,25220.0000000000,2060563.0000000000,22992841182.0000000000,1.0935291120,11.5415555400,11.3601420200,399.7000000000,349.4757594000,6276.0000000000,0.0010000000,0.1000000000,
WS,Samoa,Oceania,2830.0000000000,183081.0000000000,804760610.9000000000,0.1850072880,0.4039600510,0.3976104890,4.5000000000,8.9706217300,0E-10,24034.4816700000,28646.4826800000,
NI,Nicaragua,North America,120340.0000000000,5788163.0000000000,16864971066.0000000000,0.7513476040,4.2527128040,5.9226216430,111.8000000000,57.7151843400,48250.0000000000,552787.6700000000,84612.0034300000,4.2527128040
NZ,New Zealand,Oceania,263310.0000000000,4367800.0000000000,129000000000.0000000000,12.9000000000,29.1720257900,40.2307768400,1370.3000000000,1159.9750800000,474.0000000000,0.0010000000,548561.6112000000,29.1720257900
PY,Paraguay,South America,397300.0000000000,6454548.0000000000,33440004694.0000000000,2.4805584420,4.0438581540,6.7778796910,94.6000000000,190.5454773000,46135.0000000000,462145.6368000000,0.1000000000,4.0438581540
PE,Peru,South America,1280000.0000000000,29076512.0000000000,277000000000.0000000000,36.5000000000,45.9182508500,51.5001665800,1137.4000000000,1265.5984170000,567684.0000000000,1427656.7390000000,498607.8077000000,45.9182508500
PK,Pakistan,Asia,770880.0000000000,173593383.0000000000,467000000000.0000000000,89.3000000000,167.2300444000,193.6812124000,2644.9000000000,5947.3409810000,1832005.0000000000,33436532.6900000000,2214044.7250000000,167.2300444000
PL,Poland,Europe,304200.0000000000,38187488.0000000000,755000000000.0000000000,13.1899903200,309.9852700000,295.7636267000,22664.5000000000,11851.5193200000,12227.0000000000,18268.8942600000,951771.5853000000,309.9852700000
PA,Panama,North America,74340.0000000000,3516820.0000000000,47858729220.0000000000,0.4641447640,6.7877761530,8.0179213870,173.5000000000,35.6535383400,6906.0000000000,230703.3920000000,139018.1362000000,6.7877761530
AX,Ã…land Islands,Europe,,,,,,,,,,,,
MH,Marshall Islands,Oceania,180.0000000000,54038.0000000000,,0.0117672480,,,,0.5705695800,32.0000000000,,53729.1782300000,
PH,Philippines,Asia,298170.0000000000,93260798.0000000000,370000000000.0000000000,19.4924463100,89.8496201800,118.5090723000,2058.7000000000,945.1485093000,752041.0000000000,16436521.7900000000,9822161.9630000000,89.8496201800
GM,Gambia,Africa,10000.0000000000,1728394.0000000000,2437783797.0000000000,0.0374300000,1.2236772680,1.2044431540,7.7000000000,3.3939200000,3408.0000000000,426695.2260000000,577481.4971000000,
LB,Lebanon,Asia,10230.0000000000,4227597.0000000000,59471456598.0000000000,1.0249334700,29.8524707700,29.3832409800,447.2000000000,41.6553835500,976.0000000000,,385343.1836000000,
SA,Saudi Arabia,Asia,2149690.0000000000,27448086.0000000000,623000000000.0000000000,1613.6000000000,312.7229490000,307.8074790000,6892.5000000000,127717.8687000000,1554.0000000000,,280469.2089000000,
ZA,South Africa,Africa,1214470.0000000000,49991300.0000000000,528000000000.0000000000,566.5000000000,451.8391602000,341.2219186000,13133.6000000000,61261.3108800000,902668.0000000000,6586421.7630000000,247978.0443000000,451.8391602000
GE,Georgia,Asia,69490.0000000000,4452800.0000000000,22590223104.0000000000,3.0130586040,4.6082275640,9.8862658410,773.9000000000,962.9290451000,34306.0000000000,622464.4588000000,145685.9089000000,4.6082275640
GD,Grenada,North America,340.0000000000,104487.0000000000,1098711751.0000000000,0.0021228040,0.5515126470,0.5428438110,5.0000000000,0.1630643400,,,22722.5580200000,
GU,Guam,Oceania,540.0000000000,179896.0000000000,,0.0353017440,,,,1.7117087400,,,47798.5291100000,
BW,Botswana,Africa,566730.0000000000,2006945.0000000000,27878274863.0000000000,2.1212703900,4.9451123510,10.7487481900,87.4000000000,192.3436282000,14860.0000000000,872896.6657000000,0.1000000000,4.9451123510
SN,Senegal,Africa,192530.0000000000,12433728.0000000000,24034912143.0000000000,0.7206397900,5.0837253490,7.9033094610,122.7000000000,65.3431417600,74313.0000000000,3340042.5750000000,1836620.7770000000,5.0837253490
GT,Guatemala,North America,107160.0000000000,14388929.0000000000,68850068676.0000000000,0.6690577460,11.6994613900,17.6294270300,245.4000000000,51.3940431600,188038.0000000000,1631589.6170000000,44537.2893200000,11.6994613900
PS,Palestine,Asia,6020.0000000000,4152102.0000000000,12790000000.0000000000,0.6031377800,6.4201067700,6.3191936700,,24.5127477000,,1589.0924770000,466501.1160000000,
SG,Singapore,Asia,700.0000000000,5076700.0000000000,294000000000.0000000000,0.0457615200,35.7904323500,107.2824822000,1039.5000000000,2.2188817000,,0.0010000000,611755.5494000000,35.7904323500
ES,Spain,Europe,498800.0000000000,46081574.0000000000,1480000000000.0000000000,13.1000000000,274.7432492000,392.6980696000,11057.0000000000,1076.6844000000,336024.0000000000,0.0010000000,3045348.2820000000,274.7432492000
SD,Sudan,Africa,2376000.0000000000,43551941.0000000000,98242484740.0000000000,73.5000000000,49.3140923700,48.5389591600,229.0000000000,2805.6116000000,1204392.0000000000,8250758.4350000000,97457.5284900000,
TO,Tonga,Oceania,720.0000000000,104058.0000000000,471276169.7000000000,0.0470689920,0.2365632000,0.2328448310,3.3000000000,2.2822783200,,13660.5114300000,32581.2673900000,
CH,Switzerland,Europe,40000.0000000000,7825243.0000000000,365000000000.0000000000,1.7343840000,39.0001375300,112.0256547000,2496.3000000000,554.2835200000,304.0000000000,0.0010000000,0.1000000000,39.0001375300
VN,Vietnam,Asia,310070.0000000000,86936464.4200000000,279000000000.0000000000,172.7000000000,160.3738081000,178.3010616000,1639.8000000000,3452.4000510000,1390428.0000000000,13410476.6000000000,37218291.5400000000,160.3738081000
HT,Haiti,North America,27560.0000000000,9993247.0000000000,11099543831.0000000000,0.1720719620,5.5715603200,5.4839849190,44.4000000000,13.2178035600,83975.0000000000,4144314.1440000000,539249.7985000000,
NA,Namibia,Africa,823290.0000000000,2283289.0000000000,14781436806.0000000000,3.0815744700,7.4197343630,7.3031088270,36.3000000000,279.4180397000,77665.0000000000,559003.7077000000,66288.7430800000,
IL,Israel,Asia,21640.0000000000,7624600.0000000000,218000000000.0000000000,2.1680899600,109.4279340000,107.7079140000,1553.3000000000,88.1155914000,62.0000000000,0.0010000000,629601.5737000000,
JM,Jamaica,North America,10830.0000000000,2702300.0000000000,20733561970.0000000000,0.0676175380,10.4074809700,10.2438931600,337.8000000000,5.1940788300,30900.0000000000,4353.9140940000,157954.6234000000,
KE,Kenya,Africa,569140.0000000000,40512682.0000000000,68426374149.0000000000,2.1302910200,34.3475080500,33.8076239500,317.0000000000,193.1615629000,2624352.0000000000,14089197.2900000000,547698.2402000000,
YE,Yemen,Asia,527970.0000000000,24052514.0000000000,58476731758.0000000000,51.4000000000,29.3531557000,28.8917742900,370.4000000000,2151.1889760000,23911.0000000000,3381023.7810000000,443598.3510000000,
LR,Liberia,Africa,96320.0000000000,3994122.0000000000,1672656313.0000000000,0.3605257600,0.8396115810,0.8264143230,39.7000000000,32.6902374400,74782.0000000000,2930363.4910000000,133642.3236000000,
US,United States,North America,9147420.0000000000,309050816.0000000000,14600000000000.0000000000,4536.3000000000,5272.8518950000,5895.3207130000,339174.0000000000,511308.2364000000,661850.0000000000,0.0010000000,12679223.8500000000,5272.8518950000
SK,Slovakia,Europe,48090.0000000000,5433456.0000000000,127000000000.0000000000,2.0851631640,31.5282639600,42.3574627000,3122.7000000000,666.3873619000,2441.0000000000,3119.2384200000,0.1000000000,31.5282639600
LI,Liechtenstein,Europe,160.0000000000,36032.0000000000,,0.0069375360,,,,2.2171340800,,,0.1000000000,
MQ,Martinique,North America,,,,,,,,,,,,
BE,Belgium,Europe,30280.0000000000,10879159.0000000000,409000000000.0000000000,1.3129286880,112.0981924000,237.9410858000,10903.3000000000,419.5926246000,184.0000000000,0.0010000000,1558052.2290000000,112.0981924000
HK,Hong Kong,Asia,1042.0000000000,7067800.0000000000,329000000000.0000000000,0.0681192910,38.7248524100,98.4053309700,,3.3029639020,308.0000000000,0.0010000000,1849969.0860000000,38.7248524100
MP,Northern Mariana Islands,Oceania,460.0000000000,60917.0000000000,,0.0300718560,,,,1.4581222600,,,23928.5509200000,
FO,Faroe Islands,Europe,1390.0000000000,48708.0000000000,,0.0602698440,,,,19.2613523200,,,5376.5108100000,
BH,Bahrain,Asia,760.0000000000,1261835.0000000000,27150327209.0000000000,27.7000000000,13.6284597000,13.4142436200,479.1000000000,463.0705451000,,31189.5182600000,840828.1687000000,
VI,US Virgin Islands,North America,350.0000000000,109775.0000000000,,0.0021852390,,,,0.1678603500,,,24084.3605600000,
WF,Wallis and Futuna Islands,Oceania,,,,,,,,,,,,
ME,Montenegro,Europe,13450.0000000000,631490.0000000000,8219629655.0000000000,0.5831866200,4.1259499610,4.0610970830,,186.3778336000,77.0000000000,693.7293311000,,
YT,Mayotte,Africa,370.0000000000,204114.0000000000,,0.0013849100,,,,0.1255750400,,,44013.7754000000,
PR,Puerto Rico,North America,8870.0000000000,3978702.0000000000,64840000000.0000000000,0.0553802000,32.5472809200,32.0356933200,,4.2540608700,656.0000000000,,449633.5109000000,
QA,Qatar,Asia,11590.0000000000,1758793.0000000000,129000000000.0000000000,448.5000000000,64.7532270000,63.7354170000,664.3000000000,64403.6430900000,,0.0010000000,405870.8566000000,
RE,Reunion,Africa,,,,,,,,,,,,
GP,Guadeloupe,North America,,,,,,,,,,,,
AN,Netherlands Antilles,North America,,,,,,,,,,,,
RW,Rwanda,Africa,24670.0000000000,10624005.0000000000,12359767259.0000000000,0.0923398100,6.2041458530,6.1066272890,20.6000000000,8.3728006400,137684.0000000000,6711183.9590000000,0.1000000000,
TL,Timor-Leste,Asia,14870.0000000000,1124355.0000000000,1043084046.0000000000,0.9721054320,0.5235895970,0.5153596640,,47.1353869700,282.0000000000,368725.1793000000,49400.0660500000,
PN,Pitcairn Islands,Oceania,,,,,,,,,,,,
SR,Suriname,South America,156000.0000000000,524636.0000000000,3984075762.0000000000,0.9739922400,1.9998586220,1.9684242640,88.7000000000,74.8177560000,1783.0000000000,33943.9492000000,357899.0720000000,
MD,Moldova,Europe,32890.0000000000,3562062.0000000000,11077241934.0000000000,1.4260972440,5.5603655930,5.4729661540,888.9000000000,455.7596243000,12247.0000000000,13892.0418000000,33490.4071900000,
KN,Saint Kitts and Nevis,North America,260.0000000000,52402.0000000000,872843179.4000000000,0.0016233200,0.4381349810,0.4312482480,3.1000000000,0.1246962600,,,11591.1442300000,
KH,Cambodia,Asia,176520.0000000000,14138255.0000000000,31020520933.0000000000,11.5397478700,4.4875925020,11.8181053800,50.7000000000,559.5385681000,939316.0000000000,2944554.1450000000,1495704.3760000000,4.4875925020
GI,Gibraltar,Europe,10.0000000000,29244.0000000000,,0.0004335960,,,,0.1385708800,,,29243.9970800000,
AO,Angola,Africa,1246700.0000000000,19081912.0000000000,117000000000.0000000000,278.6000000000,58.7296710000,57.8065410000,305.3000000000,5653.0980000000,193064.0000000000,6663668.1010000000,392510.1594000000,
NR,Nauru,Oceania,,,,,,,5.0000000000,,,,4138.7959660000,
EG,Egypt,Africa,995450.0000000000,81121077.0000000000,501000000000.0000000000,237.3000000000,233.3220147000,217.4031003000,3546.9000000000,6558.5160000000,9908.0000000000,1255054.9640000000,20772763.4200000000,233.3220147000
IE,Ireland,Europe,68890.0000000000,4481430.0000000000,185000000000.0000000000,2.9870428440,40.8540955600,68.3305807500,1700.8000000000,954.6147923000,220.0000000000,0.0010000000,296859.6479000000,40.8540955600
FJ,Fiji,Oceania,18270.0000000000,860623.0000000000,4005751564.0000000000,1.1943756720,2.0107390720,1.9791336920,36.9000000000,57.9128123700,14877.0000000000,48418.5122800000,94625.7570400000,
TZ,Tanzania,Africa,885800.0000000000,44841226.0000000000,62699293412.0000000000,3.3155494000,6.6047220260,11.4616798700,113.1000000000,300.6334336000,670764.0000000000,26657463.7400000000,579658.9412000000,6.6047220260
TK,Tokelau,Oceania,,,,,,,,,,,,
GL,Greenland,North America,2166086.0000000000,56534.0000000000,1989000000.0000000000,13.5240445800,0.9984044070,0.9827111970,32.1000000000,1038.8570120000,1.000E-7,0.0010000000,29502.6410200000,
DE,Germany,Europe,348610.0000000000,81702329.0000000000,3040000000000.0000000000,195.6000000000,762.5426846000,1014.8949340000,81194.5000000000,82824.7080600000,26818.0000000000,0.0010000000,3609117.8640000000,762.5426846000
GR,Greece,Europe,128900.0000000000,11319048.0000000000,315000000000.0000000000,34.9000000000,91.1580446100,118.8580238000,2859.1000000000,6135.0696000000,745.0000000000,0.0010000000,1120691.3590000000,91.1580446100
NF,Norfolk Island,Oceania,,,,,,,,,,,,
CC,Cocos (Keeling) Islands,Asia,,,,,,,,,,,,
SE,Sweden,Europe,410340.0000000000,9379116.0000000000,366000000000.0000000000,17.7921782600,47.9999735000,87.4104160900,4328.3000000000,5686.1174900000,0E-10,0.0010000000,592037.7517000000,47.9999735000
JE,Jersey,Europe,,,,,,,,,,,,
LS,Lesotho,Africa,30360.0000000000,2171318.0000000000,3474063561.0000000000,0.1136374800,1.7438513670,1.7164410060,4.9000000000,10.3039411200,73882.0000000000,691928.7641000000,0.1000000000,
MF,Saint Martin,North America,54.4000000000,30235.0000000000,,0.0003396490,,,,0.0260902940,,,,
BL,Saint Barthelemy,North America,,,,,,,,,,,,
SY,Syria,Asia,183630.0000000000,20446608.5700000000,108000000000.0000000000,75.2000000000,54.2120040000,53.3598840000,1231.6000000000,1591.9436760000,103822.0000000000,268252.8799000000,62365.5911700000,
VG,British Virgin Islands,North America,,,,,,,,,,,,
TG,Togo,Africa,54390.0000000000,6027798.0000000000,6016085645.0000000000,0.2035817700,3.0198523990,2.9723854830,30.0000000000,18.4595308800,30650.0000000000,1954023.6780000000,368795.5703000000,
ST,Sao Tome and Principe,Africa,960.0000000000,165397.0000000000,313352828.9000000000,0.0035932800,0.1572915260,0.1548191720,2.6000000000,0.3258163200,,31322.6946300000,18349.2258800000,
PM,Saint Pierre and Miquelon,North America,,,,,,,,,,,,
UG,Uganda,Africa,199810.0000000000,33424683.0000000000,42530639942.0000000000,0.7478888300,3.8287157750,5.9535349110,53.0000000000,67.8139155200,284512.0000000000,12155878.0200000000,0.1000000000,3.8287157750
GG,Guernsey,Europe,,,,,,,,,,,,
BF,Burkina Faso,Africa,273600.0000000000,16468714.0000000000,20682772034.0000000000,1.0240848000,10.3819863000,10.2187992300,25.9000000000,92.8576512000,205865.0000000000,7027740.4380000000,0.1000000000,
UY,Uruguay,South America,175020.0000000000,3356584.0000000000,48281264642.0000000000,1.0927443710,8.1777398630,11.2895269300,283.9000000000,83.9397670200,8886.0000000000,6713.1680000000,157992.0928000000,8.1777398630
VC,Saint Vincent and the Grenadines,North America,390.0000000000,109333.0000000000,1207357443.0000000000,0.0024349810,0.6060487640,0.5965227140,3.9000000000,0.1870443900,10.0000000000,,24007.0340100000,
AE,United Arab Emirates,Asia,83600.0000000000,7511690.0000000000,355000000000.0000000000,509.4000000000,178.1968650000,175.3959150000,2109.4000000000,53708.1931400000,,0.0010000000,550046.5800000000,
TC,Turks and Caicos Islands,North America,950.0000000000,38354.0000000000,,0.0059313630,,,,0.4556209500,,,20432.2075200000,
EH,Western Sahara,Africa,266000.0000000000,522928.0000000000,906500000.0000000000,0.9956380000,0.4550294600,0.4478771750,,90.2782720000,,,,
GS,South Georgia South Sandwich Islands,Antarctica,,,,,,,,,,,,
TW,Taiwan,Asia,32260.0000000000,23113901.0000000000,885300000000.0000000000,2.1089523360,264.7719036000,289.8247181000,5484.4000000000,102.2587481000,,,,264.7719036000
