{"sk": {"country_LS": "Lesotho", "country_LR": "Lib\u00e9ria", "map_Emissions": "Emisie", "country_TH": "Thajsko", "country_TO": "Tonga", "country_LV": "Loty\u0161sko", "map_text_GDP": "<p>Ve\u013ekosti kraj\u00edn zobrazuj\u00fa <strong>celkov\u00fd HDP</strong> (2013), s\u00fa\u010det celkovej ekonomickej aktivity ka\u017ed\u00e9ho n\u00e1roda. Mape dominuje severn\u00e1 Amerika a z\u00e1padn\u00e1 Eur\u00f3pa, ktor\u00e9 si pripisuj\u00fa viac ako polovicu svetov\u00e9ho HDP napriek tomu, \u017ee s\u00fa domovom menej ako p\u00e4tiny celkovej popul\u00e1cie.</p>", "map_text_Continents": "", "country_TC": "Turks a Caicos", "country_LY": "L\u00edbia", "country_MK": "Maced\u00f3nsko", "country_TG": "Togo", "country_TF": "Franc\u00fazske ju\u017en\u00e9 a antarktick\u00e9 \u00fazemia", "country_TD": "\u010cad", "country_LC": "Sv\u00e4t\u00e1 Lucia", "country_LB": "Libanon", "country_LA": "Laos", "country_UZ": "Uzbekistan", "desc_GDPperCapita": "HDP (PKS - parita k\u00fapnej sily) na osobu, 2013", "link_about": "O tomto n\u00e1stroji", "country_TR": "Turecko", "country_LI": "Lichten\u0161tajnsko", "desc_Area": "Rozloha", "desc_Historical": "Kumulat\u00edvny CO\u2082 z vyu\u017e\u00edvania energie, 1850\u20132011", "country_TN": "Tunisko", "country_DZ": "Al\u017e\u00edrsko", "map_Reserves": "Rezervy", "loading": "Na\u010d\u00edtavam mapy...", "country_TZ": "Tanz\u00e1nia", "country_LU": "Luxemburg", "desc_Extraction": "CO\u2082 vy\u0165a\u017een\u00fd z fos\u00edlnych pal\u00edv, 2013", "title": "<span class=\"the\"></span> Uhl\u00edkov\u00e1 mapa", "tweet": "Uhl\u00edkov\u00e1 mapa h\u00fdbe svetom. Od @k_i_l_n", "country_LT": "Litva", "desc_PeopleAtRisk": "\u013dudia trpiaci n\u00e1sledkom sucha, z\u00e1plav alebo extr\u00e9mnych tepl\u00f4t", "country_DK": "D\u00e1nsko", "country_DJ": "D\u017eibutsko", "country_UG": "Uganda", "shading_EmissionsChange": "Zmeny emisii", "choose": "Vyber z t\u00e9m a zobraz inform\u00e1cie", "country_DM": "Dominika", "country_PN": "Pitcairnove ostrovy", "shading_GDPperCapita": "HDP na osobu", "country_MC": "Monako", "country_DE": "Nemecko", "infobox_heading": "T\u00e1to mapa", "country_SC": "Seychely", "map_text_SeaLevel": "<p>Ve\u013ekosti \u0161t\u00e1tov zobrazuj\u00fa po\u010det <strong>\u013eud\u00ed \u017eij\u00facich ni\u017e\u0161ie ako 5m nad hladinou mora</strong>. Obyvate\u013estvo v niektor\u00fdch n\u00edzko polo\u017een\u00fdch oblastiach je niekedy vystaven\u00e9 st\u00fapaj\u00facej hladine mora po desa\u0165ro\u010dia \u010di storo\u010dia.</p>", "country_MX": "Mexiko", "country_MY": "Malajzia", "country_MZ": "Mozambik", "shade_by": "Odtie\u0148ova\u0165 pod\u013ea", "country_MT": "Malta", "country_MU": "Maur\u00edcius", "country_MV": "Maledivy", "country_BJ": "Benin", "country_MP": "Severn\u00e9 Mari\u00e1ny", "country_MQ": "Martinik", "country_MR": "Mauret\u00e1nia", "country_MS": "Montserrat", "country_ML": "Mali", "country_MM": "Barma", "country_MN": "Mongolsko", "unit_people": "obyvate\u013eov", "country_MH": "Marshallove ostrovy", "country_RW": "Rwanda", "country_BD": "Banglad\u00e9\u0161", "country_MD": "Moldavsko", "country_IL": "Izrael", "country_MF": "Sv\u00e4t\u00fd Martin", "map_Historical": "Hist\u00f3ria emisii", "country_MA": "Maroko", "map_PeopleAtRisk": "\u013dudia v ohrozen\u00ed", "navtitle_reference": "V\u0161eobecn\u00e9 \u00fadaje", "country_EE": "Est\u00f3nsko", "country_MO": "Macao", "country_EG": "Egypt", "desc_Consumption": "Spotreba CO\u2082 na tovar/slu\u017eby, 2012", "country_TW": "Taiwan", "country_EC": "Ekv\u00e1dor", "country_EH": "Z\u00e1padn\u00e1 Sahara", "country_ET": "Eti\u00f3pia", "country_PT": "Portugalsko", "country_ZA": "Juhoafrick\u00e1 republika", "country_ER": "Eritrea", "country_ES": "\u0160panielsko", "change_up": "St\u00fapa", "country_SA": "Saudsk\u00e1 Ar\u00e1bia", "country_RO": "Rumunsko", "country_JP": "Japonsko", "navtitle_vulnerability": "Zranite\u013enos\u0165", "country_SO": "Som\u00e1lsko", "country_RE": "Reunion", "map_text_GDPperCapita": "<p>Hrub\u00fd dom\u00e1ci produkt na osobu pod\u013ea PKS (parita k\u00fapnej sily), 2013</p>", "country_JE": "Jersey", "country_LK": "Sr\u00ed Lanka", "country_IT": "Taliansko", "country_TJ": "Tad\u017eikistan", "country_JM": "Jamajka", "country_SJ": "Svalbard", "desc_CO2perCapita": "CO\u2082 na osobu, 2013", "country_RS": "Srbsko", "country_SK": "Slovensko", "unit_T": "ton", "map_text_Emissions": "<p>Ve\u013ekosti \u0161t\u00e1tov s\u00fa zmenen\u00e9, aby zobrazovali ich ro\u010dn\u00e9 <strong>CO\u2082 emisie zo spotreby fos\u00edlnych pal\u00edv</strong> a produkcie cementu (2013). Toto je obvykl\u00fd sp\u00f4sob zobrazenia emisii vyprodukovan\u00fdch krajinami, av\u0161ak neberie do \u00favahy import a export fos\u00edlnych pal\u00edv (<a href=\"#Extraction\">Mapa \u0165a\u017eby</a>) a tovar a slu\u017eby (<a href=\"#Consumption\">Mapa spotreby</a>).</p>", "country_BY": "Bielorusko", "map_text_Reserves": "<p>Ve\u013ekosti \u0161t\u00e1tov zobrazuj\u00fa <strong>potencion\u00e1lne CO\u2082 emisie z rezerv fos\u00edlnych pal\u00edv</strong> (2013), prepo\u010d\u00edtan\u00e9 z odhadovan\u00fdch z\u00e1sob ekonomicky n\u00e1vratn\u00fdch zdrojov ropy, uhlia a zemn\u00e9ho plynu na CO\u2082, ktor\u00fd by vyvstal ich spa\u013eovan\u00edm.</p>", "country_BZ": "Belize", "desc_Reserves": "Potencion\u00e1lny CO\u2082 z rezerv fos\u00edlnych pal\u00edv, koniec roku 2013", "country_BT": "Bhut\u00e1n", "country_BW": "Botswana", "country_BV": "Bouvetov ostrov", "country_YT": "Mayotte", "country_BS": "Bahamy", "country_BR": "Braz\u00edlia", "country_BM": "Bermudy", "country_BL": "Sv\u00e4t\u00fd Bartolomej", "country_BO": "Bol\u00edvia", "country_BN": "Brunej", "country_BI": "Burundi", "country_BH": "Bahrajn", "change_down": "Kles\u00e1", "map_text_Extraction": "<p>Ve\u013ekosti kraj\u00edn zobrazuj\u00fa kone\u010dn\u00e9 <strong>CO\u2082 emisie vy\u0165a\u017een\u00e9 z ropy, uhlia a zemn\u00e9ho plynu</strong> (2013) ka\u017ed\u00fd rok. V\u00e4\u010d\u0161ina t\u00fdchto pal\u00edv sl\u00fa\u017ei sk\u00f4r na export, ne\u017e na vn\u00fatro\u0161t\u00e1tnu spotrebu, av\u0161ak krajiny, ktor\u00e9 \u0165a\u017eia a pred\u00e1vaj\u00fa fos\u00edlne paliv\u00e1, nes\u00fa stupe\u0148 zodpovednosti za n\u00e1sledn\u00e9 emisie.</p>", "country_BE": "Belgicko", "rank_vl": "Ve\u013emi n\u00edzke", "country_BG": "Bulharsko", "country_BF": "Burkina Faso", "country_BA": "Bosna a Hercegovina", "country_YE": "Jemen", "map_text_Poverty": "<p>Ve\u013ekosti \u0161t\u00e1tov zobrazuj\u00fa po\u010det <strong>\u013eud\u00ed \u017eij\u00facich z menej ne\u017e 1,25 dol\u00e1rov na de\u0148</strong>. Chudoba prispieva k zranite\u013enosti v d\u00f4sledku klimatick\u00fdch zmien kv\u00f4li nedostatku dostupnej lek\u00e1rskej starostlivosti, \u010do zhor\u0161uje dopady klimatick\u00fdch zmien. Nedostato\u010dn\u00fd pr\u00edstup ku kapit\u00e1lu s\u0165a\u017euje prisp\u00f4sobenie sa novovzniknut\u00fdm podmienkam.</p>", "country_BB": "Barbados", "country_SN": "Senegal", "country_KW": "Kuvajt", "country_SL": "Sierra Leone", "country_SM": "San Marino", "country_KR": "K\u00f3rejsk\u00e1 republika", "map_text_PopulationGrowth": "<p>Ro\u010dn\u00fd n\u00e1rast popul\u00e1cie, 2013</p>", "country_KP": "Ju\u017en\u00e1 K\u00f3rea", "country_IM": "Ostrov Man", "country_SB": "\u0160alam\u00fanove ostrovy", "country_SD": "Sud\u00e1n", "country_SE": "\u0160v\u00e9dsko", "country_KZ": "Kazachstan", "map_text_Area": "<p>Ve\u013ekosti \u0161t\u00e1tov zobrazuj\u00fa ich <strong>skuto\u010dn\u00fa rozlohu</strong>. V\u00e4\u010d\u0161ina m\u00e1p ich tak verne nezn\u00e1zor\u0148uje, preto\u017ee nie je mo\u017en\u00e9 zobrazi\u0165 zemegu\u013eu ako ploch\u00fa mapu bez zmeny tvaru alebo rozlohy.</p>", "link_sources": "Zdroje d\u00e1t", "continent_2": "Afrika", "country_KG": "Kirgizsko", "country_KE": "Ke\u0148a", "country_SZ": "Svazijsko", "country_SX": "Sv\u00e4t\u00fd Martin", "country_IQ": "Irak", "country_KN": "Sv\u00e4t\u00fd Kri\u0161tof a Nevis", "country_ST": "Sv\u00e4t\u00fd Tom\u00e1\u0161 a Princov ostrov", "country_KM": "Komory", "country_SR": "Surinam", "country_KY": "Kajmansk\u00e9 ostrovy", "country_KH": "Kambod\u017ea", "country_KI": "Kiribati", "map_text_Population": "<p>Ve\u013ekosti \u0161t\u00e1tov zobrazuj\u00fa <strong>celkov\u00fa popul\u00e1ciu</strong> (2013 ) \u2013 ktor\u00e1 zah\u0155\u0148a v\u0161etk\u00fdch obyvate\u013eov okrem emigrantov. \u00c1zia sa enormne nafukuje zd\u00f4raz\u0148uj\u00fac, \u017ee tu \u017eije viac ako polovica \u013eud\u00ed na svete.</p>", "country_CZ": "\u010cesk\u00e1 republika", "country_CX": "Viano\u010dn\u00e9 ostrovy", "country_CY": "Cyprus", "country_CV": "Kapverdy", "country_CW": "Cura\u00e7ao", "continent_3": "\u00c1zia", "country_CU": "Kuba", "country_CR": "Kostarika", "map_text_PeopleAtRisk": "<p>Ve\u013ekosti \u0161t\u00e1tov zobrazuj\u00fa po\u010det <strong>zranen\u00fdch, pres\u00eddlen\u00fdch, bez domova alebo vy\u017eaduj\u00facich naliehav\u00fa pomoc v pr\u00edpade z\u00e1plav, sucha alebo extr\u00e9mnych tepl\u00f4t</strong> po\u010das obvykl\u00e9ho roka. O\u010dak\u00e1va sa, \u017ee klimatick\u00e9 zmeny zv\u00fd\u0161ia riziko t\u00fdchto hrozieb.</p>", "country_CN": "\u010c\u00edna", "credit": "Vytvoril <span id=\"kiln\">KILN</span>", "map_text_Reset": "<p>Toto je jeden z najbe\u017enej\u0161\u00edch poh\u013eadov na svet: Robinsonova projekcia</p>", "country_CM": "Kamerun", "country_CK": "Cookove ostrovy", "country_CH": "\u0160vaj\u010diarsko", "country_CI": "Pobre\u017eie Slonoviny", "country_CF": "Stredoafrick\u00e1 republika", "country_CG": "Kongo", "map_Population": "Popul\u00e1cia", "country_CC": "Kokosov\u00e9 ostrovy", "country_TV": "Tuvalu", "country_CA": "Kanada", "country_PG": "Papua-Nov\u00e1 Guinea", "country_PF": "Franc\u00fazska Polyn\u00e9zia", "country_PE": "Peru", "country_IO": "Britsk\u00e9 indickooce\u00e1nske \u00fazemie", "country_WS": "Samoa", "continent_4": "Severn\u00e1 Amerika", "country_PA": "Panama", "desc_PopulationGrowth": "N\u00e1rast popul\u00e1cie, 2013", "unit_mT": "mil\u00f3nov ton", "country_PM": "Saint Pierre a Miquelon", "country_PL": "Po\u013esko", "unit_sqkm": "kilometrov \u0161tvorcov\u00fdch", "rank": "Poradie", "country_PH": "Filip\u00edny", "country_PW": "Palau", "country_SV": "Salv\u00e1dor", "country_NZ": "Nov\u00fd Z\u00e9land", "country_PS": "Palest\u00edna", "country_PR": "Portoriko", "country_ME": "\u010cierna Hora", "navtitle_responsibility": "Zodpovednos\u0165", "country_PY": "Paraguaj", "country_HN": "Honduras", "country_HM": "Heardov ostrov", "country_HK": "Hong Kong", "continent_1": "Eur\u00f3pa", "shading_Continents": "Kontinenty", "country_UY": "Uruguaj", "country_SS": "Ju\u017en\u00fd Sud\u00e1n", "country_WF": "Wallis a Futuna", "map_text_EmissionsChange": "<p>Zmeny v emisi\u00e1ch CO\u2082, 1990- 2011</p>", "country_DO": "Dominik\u00e1nska republika", "country_HU": "Ma\u010farsko", "country_HT": "Haiti", "map_Consumption": "Spotreba", "country_QA": "Katar", "continent_6": "Oce\u00e1nia", "country_TK": "Tokelau", "desc_GDP": "HDP (hrub\u00fd dom\u00e1ci produkt) pod\u013ea PKS (parita k\u00fapnej sily), 2013", "country_MG": "Madagaskar", "desc_Poverty": "\u013dudia \u017eij\u00faci z menej ne\u017e $1.25 na de\u0148, 2013", "shading_CO2perCapita": "CO\u2082 na osobu", "country_VU": "Vanuatu", "country_XK": "Kosovo", "desc_SeaLevel": "\u013dudia \u017eij\u00faci ni\u017e\u0161ie ako 5m nad hladinou mora, 2013", "country_ZW": "Zimbabwe", "country_AQ": "Antarkt\u00edda", "country_AR": "Argent\u00edna", "country_AS": "Americk\u00e1 Samoa", "country_AT": "Rak\u00fasko", "country_AU": "Austr\u00e1lia", "country_IN": "India", "country_AW": "Aruba", "country_AX": "\\u00c5land ostrovy", "country_AZ": "Azerbajd\u017ean", "country_ID": "Indon\u00e9zia", "country_IE": "\u00cdrsko", "country_SY": "S\u00fdria", "country_HR": "Chorv\u00e1tsko", "rank_vh": "Ve\u013emi vysok\u00e9", "country_ZM": "Zambia", "country_AD": "Andorra", "country_AE": "Spojen\u00e9 arabsk\u00e9 emir\u00e1ty", "country_AF": "Afganistan", "country_AG": "Antigua a Barbuda", "country_AI": "Anguilla", "country_IR": "Ir\u00e1n", "country_IS": "Island", "country_AL": "Alb\u00e1nsko", "country_AM": "Arm\u00e9nsko", "country_AN": "Holandsk\u00e9 Antily", "country_AO": "Angola", "country_GI": "Gibralt\u00e1r", "country_TM": "Turkmenistan", "country_VC": "Sv\u00e4t\u00fd Vincent a Grenad\u00edny", "country_NP": "Nep\u00e1l", "map_Area": "Rozloha", "country_NR": "Nauru", "country_NU": "Niue", "country_SI": "Slovinsko", "country_NI": "Nikaragua", "country_RU": "Rusko", "map_Extraction": "\u0164a\u017eba", "country_NL": "Holandsko", "country_NO": "N\u00f3rsko", "country_NA": "Nam\u00edbia", "country_NC": "Nov\u00e1 Kaled\u00f3nia", "country_GM": "Gambia", "desc_Emissions": "CO\u2082 spa\u013eovan\u00fd z fos\u00edlnych pal\u00edv, 2013", "country_JO": "Jord\u00e1n", "country_NG": "Nig\u00e9ria", "country_NF": "Norfolk", "country_VA": "Vatik\u00e1n", "country_US": "Spojen\u00e9 \u0161t\u00e1ty americk\u00e9", "country_CO": "Kolumbia", "country_FI": "F\u00ednsko", "country_NE": "Niger", "country_FK": "Falklandsk\u00e9 ostrovy", "country_FJ": "Fid\u017ei", "country_FM": "Mikron\u00e9zia", "country_CL": "\u010cile", "country_FO": "Faersk\u00e9 ostrovy", "desc_EmissionsChange": "Zmeny v emisi\u00e1ch CO\u2082, 1990- 2013", "country_FR": "Franc\u00fazsko", "country_UA": "Ukrajina", "map_GDP": "Bohatstvo", "country_UM": "Men\u0161ie od\u013eahl\u00e9 ostrovy USA", "continent_5": "Ju\u017en\u00e1 Amerika", "country_MW": "Malawi", "map_text_Historical": "<p>Ve\u013ekosti \u0161t\u00e1tov zobrazuj\u00fa <strong>CO\u2082 emisie z vyu\u017e\u00edvania energie 1850\u20132011</strong>. Tieto historick\u00e9 (alebo \u2018kumulat\u00edvne\u2019) emisie s\u00fa relevantn\u00e9, preto\u017ee CO\u2082 m\u00f4\u017ee osta\u0165 vo vzduchu po storo\u010dia. Dominuje Eur\u00f3pa a USA, ktor\u00e9 dohromady vyprodukovali viac ne\u017e polovicu emisii v\u00f4bec.</p>", "country_VG": "Britsk\u00e9 Panensk\u00e9 ostrovy", "map_Poverty": "Chudoba", "country_TT": "Trinidad a Tobago", "country_SG": "Singapur", "country_SH": "Sv\u00e4t\u00e1 Helena", "map_SeaLevel": "V\u00fd\u0161ka morskej hladiny", "country_TL": "V\u00fdchodn\u00fd Timor", "country_PK": "Pakistan", "country_OM": "Om\u00e1n", "desc_Population": "Celkov\u00e1 popul\u00e1cia, 2013", "map_text_Consumption": "<p>Ve\u013ekosti \u0161t\u00e1tov zobrazuj\u00fa <strong>uhl\u00edkov\u00fa stopu v\u0161etk\u00fdch spotrebovan\u00fdch produktov a slu\u017eieb</strong> pod\u013ea \u0161t\u00e1tu (2012), vr\u00e1tane importu av\u0161ak vyn\u00edmaj\u00fac export. V porovnan\u00ed s <a href=\"#Emissions\">Mapou emisii</a>, hlavn\u00ed v\u00fdvozcovia, ako napr\u00edklad \u010c\u00edna, sa zmen\u0161ia, zatia\u013e \u010do dovozcovia, ako napr\u00edklad Ve\u013ek\u00e1 Brit\u00e1nia, sa zv\u00e4\u010d\u0161ia.</p>", "country_CD": "Demokratick\u00e1 republika Kongo", "country_GB": "Spojen\u00e9 kr\u00e1\u013eovstvo", "country_GA": "Gabon", "country_GF": "Franc\u00fazska Guayana", "country_GG": "Guernsey", "country_GD": "Grenada", "country_GE": "Gruz\u00ednsko", "rank_m": "Stredn\u00e9", "rank_l": "N\u00edzke", "country_GH": "Ghana", "map_text_CO2perCapita": "<p>CO\u2082 na osobu z el. energie a cementu, 2013 (v ton\u00e1ch)</p>", "country_GN": "Guinea", "rank_h": "Vysok\u00e9", "country_GL": "Gr\u00f3nsko", "no_data": "D\u00e1ta nie s\u00fa k dispoz\u00edcii", "country_GR": "Gr\u00e9cko", "country_GS": "Ostrovy ju\u017en\u00e1 Georgia a ju\u017en\u00fd Sandwich", "country_GP": "Guadeloupe", "country_GQ": "Rovn\u00edkov\u00e1 Guinea", "country_VE": "Venezuela", "country_GW": "Guinea-Bissau", "country_GT": "Guatemala", "country_GU": "Guam", "country_VI": "Panensk\u00e9 ostrovy", "country_GY": "Guyana", "shading_PopulationGrowth": "N\u00e1rast popul\u00e1cie", "country_VN": "Vietnam"}, "fr": {"country_LS": "Lesotho", "country_LR": "Lib\u00e9ria", "map_Emissions": "Emissions", "country_TH": "Tha\u00eflande", "country_TO": "Tonga", "country_LV": "Lettonie", "map_text_GDP": "<p>La superficie des pays repr\u00e9sente le <strong>PIB national</strong> (2013), c\u2019est-\u00e0-dire la somme de toutes les activit\u00e9s \u00e9conomiques de ceux-ci. La carte est domin\u00e9e par l\u2019Am\u00e9rique du Nord et l\u2019Europe occidentale, qui repr\u00e9sentent plus de la moiti\u00e9 du PIB mondial, alors qu\u2019elles comptent moins d\u2019un cinqui\u00e8me de la population globale.</p>", "map_text_Continents": "", "country_TC": "\u00celes Turks et Ca\u00efques", "country_LY": "Jamahiriya Arabe Libyenne", "country_MK": "L'ex-R\u00e9publique Yougoslave de Mac\u00e9doine", "country_TG": "Togo", "country_TF": "Terres Australes Fran\u00e7aises", "country_TD": "Tchad", "country_LC": "Sainte-Lucie", "country_LB": "Liban", "country_LA": "R\u00e9publique D\u00e9mocratique Populaire Lao", "country_UZ": "Ouzb\u00e9kistan", "desc_GDPperCapita": "PIB par habitant, 2013", "link_about": "A propos de cet outil", "country_TR": "Turquie", "country_LI": "Liechtenstein", "desc_Area": "Superficie du pays", "desc_Historical": "Cumul du CO\u2082 provenant de la consommation d'\u00e9nergie, 1850\u20132011", "country_TN": "Tunisie", "country_DZ": "Alg\u00e9rie", "map_Reserves": "R\u00e9serves", "loading": "Chargement des cartes...", "country_TZ": "R\u00e9publique-Unie de Tanzanie", "country_LU": "Luxembourg", "desc_Extraction": "CO\u2082 provenant des extractions d'\u00e9nergie fossile, 2013", "title": "<span class=\"the\">La</span> carte du carbone", "tweet": "La Carte du Carbone par @k_i_l_n a fait bouger mon monde.", "country_LT": "Lituanie", "desc_PeopleAtRisk": "Populations d\u00e9j\u00e0 bless\u00e9es, sans abri, d\u00e9plac\u00e9es ou n\u00e9cessitant une assistance d'urgence en raison d'inondations, de s\u00e9cheresses ou de temp\u00e9ratures extr\u00eames", "country_DK": "Danemark", "country_DJ": "Djibouti", "country_UG": "Ouganda", "shading_EmissionsChange": "Variations d'\u00e9missions", "choose": "Choisissez un sujet pour voir appara\u00eetre les donn\u00e9es ici", "country_DM": "Dominique", "country_PN": "Pitcairn", "shading_GDPperCapita": "PIB par habitant", "country_MC": "Monaco", "country_DE": "Allemagne", "infobox_heading": "Cette carte", "country_SC": "Seychelles", "map_text_SeaLevel": "<p>La superficie des pays repr\u00e9sente le<strong> nombre de personnes vivant \u00e0 moins de 5m au-dessus du niveau de la mer</strong>. De nombreuses populations vivant \u00e0 faible altitude vont \u00eatre expos\u00e9es \u00e0 la mont\u00e9e du niveau de la mer au cours des d\u00e9cennies et des si\u00e8cles \u00e0 venir.</p>", "country_MX": "Mexique", "country_MY": "Malaisie", "country_MZ": "Mozambique", "shade_by": "Trier par", "country_MT": "Malte", "country_MU": "Maurice", "country_MV": "Maldives", "country_BJ": "B\u00e9nin", "country_MP": "\u00celes Mariannes du Nord", "country_MQ": "Martinique", "country_MR": "Mauritanie", "country_MS": "Montserrat", "country_ML": "Mali", "country_MM": "Myanmar", "country_MN": "Mongolie", "unit_people": "habitants", "country_MH": "\u00celes Marshall", "country_RW": "Rwanda", "country_BD": "Bangladesh", "country_MD": "R\u00e9publique de Moldova", "country_IL": "Isra\u00ebl", "country_MF": "Ile de Saint-Martin", "map_Historical": "Historique", "country_MA": "Maroc", "map_PeopleAtRisk": "Risque pour la population", "navtitle_reference": "Contexte", "country_EE": "Estonie", "country_MO": "Macao", "country_EG": "\u00c9gypte", "desc_Consumption": "CO\u2082 provenant de la consommation de bien et services, 2013", "country_TW": "Ta\u00efwan", "country_EC": "\u00c9quateur", "country_EH": "Sahara Occidental", "country_ET": "\u00c9thiopie", "country_PT": "Portugal", "country_ZA": "Afrique du Sud", "country_ER": "\u00c9rythr\u00e9e", "country_ES": "Espagne", "change_up": "Haut", "country_SA": "Arabie Saoudite", "country_RO": "Roumanie", "country_JP": "Japon", "navtitle_vulnerability": "Vulnerabilit\u00e9", "country_SO": "Somalie", "country_RE": "R\u00e9union", "map_text_GDPperCapita": "<p>Produit Int\u00e9rieur Brut par personne, 2013</p>", "country_JE": "Jersey", "country_LK": "Sri Lanka", "country_IT": "Italie", "country_TJ": "Tadjikistan", "country_JM": "Jama\u00efque", "country_SJ": "Svalbard et\u00cele Jan Mayen", "desc_CO2perCapita": "CO\u2082 par habitant, 2013", "country_RS": "Serbie", "country_SK": "Slovaquie", "unit_T": "tonnes", "map_text_Emissions": "<p>La superficie des pays repr\u00e9sente les <strong>\u00e9missions de CO\u2082 provenant de l'utilisation de combustibles fossiles</strong> et de la production de ciment (2013). Il s'agit uniquement des \u00e9missions nationales, sans tenir compte des importations et des exportations de combustibles fossiles (carte d'extraction) et de biens et services (carte de consommation).</p>", "country_BY": "B\u00e9larus", "map_text_Reserves": "<p>La superficie des pays repr\u00e9sente les <strong>\u00e9missions potentielles de CO\u2082 disponibles via les r\u00e9serves de combustibles fossiles</strong> (2013). Ces \u00e9missions sont  calcul\u00e9es en convertissant les stocks estim\u00e9s de p\u00e9trole, de charbon et de gaz \u00e9conomiquement r\u00e9cup\u00e9rables r\u00e9sultant de la combustion de tous ces combustibles en CO\u2082 .</p>", "country_BZ": "Belize", "desc_Reserves": "Emissions potentielles de CO\u2082 disponibles via les r\u00e9serves de combustibles fossiles", "country_BT": "Bhoutan", "country_BW": "Botswana", "country_BV": "\u00cele Bouvet", "country_YT": "Mayotte", "country_BS": "Bahamas", "country_BR": "Br\u00e9sil", "country_BM": "Bermudes", "country_BL": "Saint Barthelemy", "country_BO": "Bolivie", "country_BN": "Brun\u00e9i Darussalam", "country_BI": "Burundi", "country_BH": "Bahre\u00efn", "change_down": "Bas", "map_text_Extraction": "<p>La superficie des pays repr\u00e9sente les <strong>\u00e9missions de CO\u2082 en provenance des extractions annuelles de p\u00e9trole, du charbon et du gaz</strong> (donn\u00e9es de 2013). Bon nombre de ces combustibles sont export\u00e9s du pays plut\u00f4t qu'utilis\u00e9s localement, n\u00e9anmoins la responsabilit\u00e9 des pays est engag\u00e9e en termes d\u2019\u00e9missions de CO\u2082, via ces extractions.</p>", "country_BE": "Belgique", "rank_vl": "Tr\u00e8s bas", "country_BG": "Bulgarie", "country_BF": "Burkina Faso", "country_BA": "Bosnie-Herz\u00e9govine", "country_YE": "Y\u00e9men", "map_text_Poverty": "<p>La superficie des pays repr\u00e9sente le nombre de <strong>personnes vivant avec moins de 1,25 dollar par jour</strong>. La pauvret\u00e9 accro\u00eet la vuln\u00e9rabilit\u00e9 au changement climatique, car le manque d'acc\u00e8s aux services de sant\u00e9 augmente avec les risques de changement climatique, et le manque d'acc\u00e8s au capital rend plus difficile la mise en \u0153uvre de mesures</p>", "country_BB": "Barbade", "country_SN": "S\u00e9n\u00e9gal", "country_KW": "Kowe\u00eft", "country_SL": "Sierra Leone", "country_SM": "Saint-Marin", "country_KR": "R\u00e9publique de Cor\u00e9e", "map_text_PopulationGrowth": "<p>Variation annuelle de population, 2013</p>", "country_KP": "R\u00e9publique Populaire D\u00e9mocratique de Cor\u00e9e", "country_IM": "\u00cele de Man", "country_SB": "\u00celes Salomon", "country_SD": "Soudan", "country_SE": "Su\u00e8de", "country_KZ": "Kazakhstan", "map_text_Area": "<p>La superficie des pays repr\u00e9sente leur <strong>superficie terrestre r\u00e9elle</strong>. La plupart des cartes du monde n'indique pas cela avec pr\u00e9cision, vu qu\u2019il n'est pas possible de repr\u00e9senter le globe sous forme de carte plate sans compromettre la forme ou la zone.</p>", "link_sources": "Sources de donn\u00e9es", "continent_2": "Afrique", "country_KG": "Kirghizistan", "country_KE": "Kenya", "country_SZ": "Swaziland", "country_SX": "R\u00e9publique Arabe Syrienne", "country_IQ": "Iraq", "country_KN": "Saint-Kitts-et-Nevis", "country_ST": "Sao Tom\u00e9-et-Principe", "country_KM": "Comores", "country_SR": "Suriname", "country_KY": "\u00celes Ca\u00efmanes", "country_KH": "Cambodge", "country_KI": "Kiribati", "map_text_Population": "<p>La superficie des pays repr\u00e9sente la <strong>population totale</strong> (2013) incluant tous les habitants, \u00e0 l\u2019exception des r\u00e9fugi\u00e9s. L'Asie cro\u00eet \u00e9norm\u00e9ment, vu que plus de la moiti\u00e9 de la population mondiale y vit.</p>", "country_CZ": "R\u00e9publique Tch\u00e8que", "country_CX": "\u00cele Christmas", "country_CY": "Chypre", "country_CV": "Cap-vert", "country_CW": "Cura\u00e7ao", "continent_3": "Asie", "country_CU": "Cuba", "country_CR": "Costa Rica", "map_text_PeopleAtRisk": "<p>La superficie des pays repr\u00e9sente le nombre de <strong>personnes bless\u00e9es, sans abri, d\u00e9plac\u00e9es ou n\u00e9cessitant une assistance d\u2019urgence en raison d\u2019inondations, de s\u00e9cheresses ou de temp\u00e9ratures extr\u00eames</strong> au cours d\u2019une ann\u00e9e type. Les changements climatiques devraient exacerber nombre de ces menaces.</p>", "country_CN": "Chine", "credit": "Cr\u00e9\u00e9e par <span id=\"kiln\">KILN</span>", "map_text_Reset": "<p>Voici le monde tel qu\u2019il est le plus couramment repr\u00e9sent\u00e9 sur les cartes : via la projection de Robinson.</p>", "country_CM": "Cameroun", "country_CK": "\u00celes Cook", "country_CH": "Suisse", "country_CI": "C\u00f4te d'Ivoire", "country_CF": "R\u00e9publique Centrafricaine", "country_CG": "R\u00e9publique du Congo", "map_Population": "Population", "country_CC": "\u00celes Cocos (Keeling)", "country_TV": "Tuvalu", "country_CA": "Canada", "country_PG": "Papouasie-Nouvelle-Guin\u00e9e", "country_PF": "Polyn\u00e9sie Fran\u00e7aise", "country_PE": "P\u00e9rou", "country_IO": "Territoire Britannique de l'Oc\u00e9an Indien", "country_WS": "Samoa", "continent_4": "Am\u00e9rique du Nord", "country_PA": "Panama", "desc_PopulationGrowth": "Croissance d\u00e9mographique, 2013", "unit_mT": "millions de tonnes", "country_PM": "Saint-Pierre-et-Miquelon", "country_PL": "Pologne", "unit_sqkm": "kilom\u00e8tres carr\u00e9s", "rank": "Rang", "country_PH": "Philippines", "country_PW": "Palaos", "country_SV": "El Salvador", "country_NZ": "Nouvelle-Z\u00e9lande", "country_PS": "Territoire Palestinien Occup\u00e9", "country_PR": "Porto Rico", "country_ME": "Montenegro", "navtitle_responsibility": "Responsabilit\u00e9", "country_PY": "Paraguay", "country_HN": "Honduras", "country_HM": "\u00celes Heard et Mcdonald", "country_HK": "Hong-Kong", "continent_1": "Europe", "shading_Continents": "Continents", "country_UY": "Uruguay", "country_SS": "Soudan du Sud", "country_WF": "Wallis et Futuna", "map_text_EmissionsChange": "<p>Changements dans les \u00e9missions de CO\u2082, 1990\u20132011</p>", "country_DO": "R\u00e9publique Dominicaine", "country_HU": "Hongrie", "country_HT": "Ha\u00efti", "map_Consumption": "Consommation", "country_QA": "Qatar", "continent_6": "Oc\u00e9anie", "country_TK": "Tokelau", "desc_GDP": "PIB national (2013)", "country_MG": "Madagascar", "desc_Poverty": "Populations vivant avec moins de 1,25 dollar par jour", "shading_CO2perCapita": "CO\u2082 par habitant", "country_VU": "Vanuatu", "country_XK": "Kosovo", "desc_SeaLevel": "Populations vivant \u00e0 moins de 5m au-dessus du niveau de la mer", "country_ZW": "Zimbabwe", "country_AQ": "Antarctique", "country_AR": "Argentine", "country_AS": "Samoa Am\u00e9ricaines", "country_AT": "Autriche", "country_AU": "Australie", "country_IN": "Inde", "country_AW": "Aruba", "country_AX": "\u00celes \u00c5land", "country_AZ": "Azerba\u00efdjan", "country_ID": "Indon\u00e9sie", "country_IE": "Irlande", "country_SY": "Syrie", "country_HR": "Croatie", "rank_vh": "Tr\u00e8s haut", "country_ZM": "Zambie", "country_AD": "Andorre", "country_AE": "\u00c9mirats Arabes Unis", "country_AF": "Afghanistan", "country_AG": "Antigua-et-Barbuda", "country_AI": "Anguilla", "country_IR": "R\u00e9publique Islamique d'Iran", "country_IS": "Islande", "country_AL": "Albanie", "country_AM": "Arm\u00e9nie", "country_AN": "Antilles N\u00e9erlandaises", "country_AO": "Angola", "country_GI": "Gibraltar", "country_TM": "Turkm\u00e9nistan", "country_VC": "Saint-Vincent-et-les Grenadines", "country_NP": "N\u00e9pal", "map_Area": "Superficie", "country_NR": "Nauru", "country_NU": "Niu\u00e9", "country_SI": "Slov\u00e9nie", "country_NI": "Nicaragua", "country_RU": "F\u00e9d\u00e9ration de Russie", "map_Extraction": "Extraction", "country_NL": "Pays-Bas", "country_NO": "Norv\u00e8ge", "country_NA": "Namibie", "country_NC": "Nouvelle-Cal\u00e9donie", "country_GM": "Gambie", "desc_Emissions": "CO\u2082 provenant de la consommation d'\u00e9nergie fossile, 2013", "country_JO": "Jordanie", "country_NG": "Nig\u00e9ria", "country_NF": "\u00cele Norfolk", "country_VA": "Saint-Si\u00e8ge (\u00e9tat de la Cit\u00e9 du Vatican)", "country_US": "\u00c9tats-Unis", "country_CO": "Colombie", "country_FI": "Finlande", "country_NE": "Niger", "country_FK": "\u00celes (malvinas) Falkland", "country_FJ": "Fidji", "country_FM": "\u00c9tats F\u00e9d\u00e9r\u00e9s de Micron\u00e9sie", "country_CL": "Chili", "country_FO": "\u00celes F\u00e9ro\u00e9", "desc_EmissionsChange": "Changements dans les \u00e9missions de CO\u2082, 1990\u20132013", "country_FR": "France", "country_UA": "Ukraine", "map_GDP": "Richesse", "country_UM": "\u00celes Mineures \u00c9loign\u00e9es des \u00c9tats-Unis", "continent_5": "Am\u00e9rique du Sud", "country_MW": "Malawi", "map_text_Historical": "<p>La superficie des pays repr\u00e9sente le <strong>cumul des \u00e9missions de CO\u2082 provenant de la consommation d'\u00e9nergie entre 1850 et 2011</strong>. Ces \u00e9missions historiques (ou \u00abcumulatives\u00bb) restent cependant des donn\u00e9es pertinentes, car le CO\u2082 peut rester dans l'air pendant des si\u00e8cles. L'Europe et les \u00c9tats-Unis dominent, ayant ainsi lib\u00e9r\u00e9 environ la moiti\u00e9 du CO\u2082 jamais \u00e9mis.</p>", "country_VG": "\u00celes Vierges Britanniques", "map_Poverty": "Pauvret\u00e9", "country_TT": "Trinit\u00e9-et-Tobago", "country_SG": "Singapour", "country_SH": "Sainte-H\u00e9l\u00e8ne", "map_SeaLevel": "Niveau de la mer", "country_TL": "Timor-Leste", "country_PK": "Pakistan", "country_OM": "Oman", "desc_Population": "Population totale, 2013", "map_text_Consumption": "<p>La superficie des pays repr\u00e9sente <strong>l'empreinte carbone de tous les biens et services consomm\u00e9s</strong> dans un pays (2012), y compris les importations et les exportations. Par rapport \u00e0 la carte des \u00e9missions, la superficie des principaux exportateurs tels que la Chine diminue, tandis que celle de forts importateurs tels que le Royaume-Uni augmente.</p>", "country_CD": "R\u00e9publique D\u00e9mocratique du Congo", "country_GB": "Royaume-Uni", "country_GA": "Gabon", "country_GF": "Guyane Fran\u00e7aise", "country_GG": "Guernsey", "country_GD": "Grenade", "country_GE": "G\u00e9orgie", "rank_m": "Moyen", "rank_l": "Bas", "country_GH": "Ghana", "map_text_CO2perCapita": "<p>CO\u2082 par habitant en provenance de l'\u00e9nergie et du ciment, 2013 (tonnes)</p>", "country_GN": "Guin\u00e9e", "rank_h": "Haut", "country_GL": "Groenland", "no_data": "Pas de donn\u00e9es disponibles", "country_GR": "Gr\u00e8ce", "country_GS": "G\u00e9orgie du Sud et les \u00celes Sandwich du Sud", "country_GP": "Guadeloupe", "country_GQ": "Guin\u00e9e \u00c9quatoriale", "country_VE": "Venezuela", "country_GW": "Guin\u00e9e-Bissau", "country_GT": "Guatemala", "country_GU": "Guam", "country_VI": "\u00celes Vierges des \u00c9tats-Unis", "country_GY": "Guyana", "shading_PopulationGrowth": "Croissance d\u00e9mographique", "country_VN": "Viet Nam"}, "en": {"country_LS": "Lesotho", "country_LR": "Liberia", "map_Emissions": "Emissions", "country_TH": "Thailand", "country_TO": "Tonga", "country_LV": "Latvia", "map_text_GDP": "<p>Country sizes show <strong>total GDP</strong> (2013), the sum of all the economic activity in each nation. The map is dominated by North America and Western Europe, which account for more than half the world's GDP, despite being home to less than a fifth of the global population.</p>", "map_text_Continents": "", "country_TC": "Turks and Caicos Islands", "country_LY": "Libya", "country_MK": "Macedonia", "country_TG": "Togo", "country_TF": "French Southern and Antarctic Lands", "country_TD": "Chad", "country_LC": "Saint Lucia", "country_LB": "Lebanon", "country_LA": "Laos", "country_UZ": "Uzbekistan", "desc_GDPperCapita": "GDP (PPP) per person, 2013", "link_about": "About this tool", "country_TR": "Turkey", "country_LI": "Liechtenstein", "desc_Area": "Land area", "desc_Historical": "Cumulative CO\u2082 from energy use, 1850\u20132011", "country_TN": "Tunisia", "country_DZ": "Algeria", "map_Reserves": "Reserves", "loading": "Loading maps\u2026", "country_TZ": "Tanzania", "country_LU": "Luxembourg", "desc_Extraction": "CO\u2082 from fossil fuels extracted, 2013", "title": "<span class=\"the\">The</span> carbon map", "tweet": "The earth moved for me at the Carbon Map by @k_i_l_n.", "country_LT": "Lithuania", "desc_PeopleAtRisk": "Population already suffering from droughts, floods or extreme temps, 2013", "country_DK": "Denmark", "country_DJ": "Djibouti", "country_UG": "Uganda", "shading_EmissionsChange": "Emissions change", "choose": "Choose a topic above the map to see data here", "country_DM": "Dominica", "country_PN": "Pitcairn Islands", "shading_GDPperCapita": "GDP per person", "country_MC": "Monaco", "country_DE": "Germany", "infobox_heading": "This map", "country_SC": "Seychelles", "map_text_SeaLevel": "<p>Country sizes show the number of <strong>people living less than 5m above sea level</strong>. Some low-lying populations will find themselves exposed to rising sea levels in the coming decades and centuries.</p>", "country_MX": "Mexico", "country_MY": "Malaysia", "country_MZ": "Mozambique", "shade_by": "Shade by", "country_MT": "Malta", "country_MU": "Mauritius", "country_MV": "Maldives", "country_BJ": "Benin", "country_MP": "Northern Mariana Islands", "country_MQ": "Martinique", "country_MR": "Mauritania", "country_MS": "Montserrat", "country_ML": "Mali", "country_MM": "Burma", "country_MN": "Mongolia", "unit_people": "people", "country_MH": "Marshall Islands", "country_RW": "Rwanda", "country_BD": "Bangladesh", "country_MD": "Moldova", "country_IL": "Israel", "country_MF": "Saint Martin", "map_Historical": "Historical", "country_MA": "Morocco", "map_PeopleAtRisk": "People at risk", "navtitle_reference": "Background", "country_EE": "Estonia", "country_MO": "Macau", "country_EG": "Egypt", "desc_Consumption": "CO\u2082 from goods/services consumed, 2012", "country_TW": "Taiwan", "country_EC": "Ecuador", "country_EH": "Western Sahara", "country_ET": "Ethiopia", "country_PT": "Portugal", "country_ZA": "South Africa", "country_ER": "Eritrea", "country_ES": "Spain", "change_up": "Up", "country_SA": "Saudi Arabia", "country_RO": "Romania", "country_JP": "Japan", "navtitle_vulnerability": "Vulnerability", "country_SO": "Somalia", "country_RE": "Reunion", "map_text_GDPperCapita": "<p>Gross domestic product per person based on PPP, 2013</p>", "country_JE": "Jersey", "country_LK": "Sri Lanka", "country_IT": "Italy", "country_TJ": "Tajikistan", "country_JM": "Jamaica", "country_SJ": "Svalbard", "desc_CO2perCapita": "CO\u2082 per person, 2013", "country_RS": "Serbia", "country_SK": "Slovakia", "unit_T": "tonnes", "map_text_Emissions": "<p>Countries are sized to show their annual <strong>CO\u2082 emissions from fossil fuel use</strong> and cement production (2013). This is the conventional way to view national emissions, but it ignores imports and exports of fossil fuels (the <a href=\"#Extraction\">Extraction map</a>) and goods and services (the <a href=\"#Consumption\">Consumption</a> map).</p>", "country_BY": "Belarus", "map_text_Reserves": "<p>Country sizes show the <strong>potential CO\u2082 emissions of fossil fuel reserves</strong> (2013), calculated by converting each nation's estimated stocks of economically recoverable oil, coal and gas into the CO\u2082 that result if all those fuels were burned.</p>", "country_BZ": "Belize", "desc_Reserves": "Potential CO\u2082 in fossil fuels reserves, end of 2013", "country_BT": "Bhutan", "country_BW": "Botswana", "country_BV": "Bouvet Island", "country_YT": "Mayotte", "country_BS": "Bahamas", "country_BR": "Brazil", "country_BM": "Bermuda", "country_BL": "Saint Barthelemy", "country_BO": "Bolivia", "country_BN": "Brunei Darussalam", "country_BI": "Burundi", "country_BH": "Bahrain", "change_down": "Down", "map_text_Extraction": "<p>Country sizes show the eventual <strong>CO\u2082 emissions from oil, coal and gas extracted</strong> (2013) each year. Many of these fuels are exported rather than used domestically, but arguably the countries extracting and selling fossil fuels bear a degree of responsibility for the resulting emissions.</p>", "country_BE": "Belgium", "rank_vl": "Very low", "country_BG": "Bulgaria", "country_BF": "Burkina Faso", "country_BA": "Bosnia and Herzegovina", "country_YE": "Yemen", "map_text_Poverty": "<p>Country sizes show the number of <strong>people living on less than 1.25 dollars a day</strong>. Poverty adds to climate change vulnerability because lack of access to health services increases the risks of climatic changes, and lack of access to capital makes it harder to implement adaptation measures.</p>", "country_BB": "Barbados", "country_SN": "Senegal", "country_KW": "Kuwait", "country_SL": "Sierra Leone", "country_SM": "San Marino", "country_KR": "South Korea", "map_text_PopulationGrowth": "<p>Annual rate of population change, 2013</p>", "country_KP": "North Korea", "country_IM": "Isle of Man", "country_SB": "Solomon Islands", "country_SD": "Sudan", "country_SE": "Sweden", "country_KZ": "Kazakhstan", "map_text_Area": "<p>Country sizes show <strong>actual land area</strong>. Most world maps don't show this accurately as it isn't possible to represent the globe as a flat map without compromising on either shape or area.</p>", "link_sources": "Data sources", "continent_2": "Africa", "country_KG": "Kyrgyzstan", "country_KE": "Kenya", "country_SZ": "Swaziland", "country_SX": "Sint Maarten", "country_IQ": "Iraq", "country_KN": "Saint Kitts and Nevis", "country_ST": "Sao Tome and Principe", "country_KM": "Comoros", "country_SR": "Suriname", "country_KY": "Cayman Islands", "country_KH": "Cambodia", "country_KI": "Kiribati", "map_text_Population": "<p>Country sizes show <strong>total population</strong> (2013) \u2013 which includes all residents except refugees. Asia balloons enormously, emphasising that more than half of the world's people live there.</p>", "country_CZ": "Czech Republic", "country_CX": "Christmas Island", "country_CY": "Cyprus", "country_CV": "Cape Verde", "country_CW": "Cura\u00e7ao", "continent_3": "Asia", "country_CU": "Cuba", "country_CR": "Costa Rica", "map_text_PeopleAtRisk": "<p>Country sizes show the number of <strong>people injured, left homeless, displaced or requiring emergency assistance due to floods, droughts or extreme temperatures</strong> in a typical year. Climate change is expected to exacerbate many of these threats.</p>", "country_CN": "China", "credit": "Created by <span id=\"kiln\">KILN</span>", "map_text_Reset": "<p>This is the world as seen in one of the most common maps: the Robinson projection.</p>", "country_CM": "Cameroon", "country_CK": "Cook Islands", "country_CH": "Switzerland", "country_CI": "Cote d'Ivoire", "country_CF": "Central African Republic", "country_CG": "Congo", "map_Population": "Population", "country_CC": "Cocos (Keeling) Islands", "country_TV": "Tuvalu", "country_CA": "Canada", "country_PG": "Papua New Guinea", "country_PF": "French Polynesia", "country_PE": "Peru", "country_IO": "British Indian Ocean Territory", "country_WS": "Samoa", "continent_4": "North America", "country_PA": "Panama", "desc_PopulationGrowth": "Population growth, 2013", "unit_mT": "million tonnes", "country_PM": "Saint Pierre and Miquelon", "country_PL": "Poland", "unit_sqkm": "square km", "rank": "Rank", "country_PH": "Philippines", "country_PW": "Palau", "country_SV": "El Salvador", "country_NZ": "New Zealand", "country_PS": "Palestine", "country_PR": "Puerto Rico", "country_ME": "Montenegro", "navtitle_responsibility": "Responsibility", "country_PY": "Paraguay", "country_HN": "Honduras", "country_HM": "Heard Island and McDonald Islands", "country_HK": "Hong Kong", "continent_1": "Europe", "shading_Continents": "Continents", "country_UY": "Uruguay", "country_SS": "South Sudan", "country_WF": "Wallis and Futuna Islands", "map_text_EmissionsChange": "<p>Change in CO\u2082 emissions, 1990\u20132011</p>", "country_DO": "Dominican Republic", "country_HU": "Hungary", "country_HT": "Haiti", "map_Consumption": "Consumption", "country_QA": "Qatar", "continent_6": "Oceania", "country_TK": "Tokelau", "desc_GDP": "GDP (PPP), 2013", "country_MG": "Madagascar", "desc_Poverty": "Population living on less than $1.25 a day, 2013", "shading_CO2perCapita": "CO\u2082 per person", "country_VU": "Vanuatu", "country_XK": "Kosovo", "desc_SeaLevel": "Population living less than 5m above sea level, 2013", "country_ZW": "Zimbabwe", "country_AQ": "Antarctica", "country_AR": "Argentina", "country_AS": "American Samoa", "country_AT": "Austria", "country_AU": "Australia", "country_IN": "India", "country_AW": "Aruba", "country_AX": "\\u00c5land Islands", "country_AZ": "Azerbaijan", "country_ID": "Indonesia", "country_IE": "Ireland", "country_SY": "Syria", "country_HR": "Croatia", "rank_vh": "Very high", "country_ZM": "Zambia", "country_AD": "Andorra", "country_AE": "United Arab Emirates", "country_AF": "Afghanistan", "country_AG": "Antigua and Barbuda", "country_AI": "Anguilla", "country_IR": "Iran", "country_IS": "Iceland", "country_AL": "Albania", "country_AM": "Armenia", "country_AN": "Netherlands Antilles", "country_AO": "Angola", "country_GI": "Gibraltar", "country_TM": "Turkmenistan", "country_VC": "Saint Vincent and the Grenadines", "country_NP": "Nepal", "map_Area": "Area", "country_NR": "Nauru", "country_NU": "Niue", "country_SI": "Slovenia", "country_NI": "Nicaragua", "country_RU": "Russia", "map_Extraction": "Extraction", "country_NL": "Netherlands", "country_NO": "Norway", "country_NA": "Namibia", "country_NC": "New Caledonia", "country_GM": "Gambia", "desc_Emissions": "CO\u2082 from fossil fuels burned, 2013", "country_JO": "Jordan", "country_NG": "Nigeria", "country_NF": "Norfolk Island", "country_VA": "Vatican City", "country_US": "United States", "country_CO": "Colombia", "country_FI": "Finland", "country_NE": "Niger", "country_FK": "Falkland Islands", "country_FJ": "Fiji", "country_FM": "Micronesia", "country_CL": "Chile", "country_FO": "Faroe Islands", "desc_EmissionsChange": "Change in CO\u2082 emissions, 1990\u20132013", "country_FR": "France", "country_UA": "Ukraine", "map_GDP": "Wealth", "country_UM": "US Minor Outlying Islands", "continent_5": "South America", "country_MW": "Malawi", "map_text_Historical": "<p>Country sizes show <strong>CO\u2082 emissions from energy use 1850\u20132011</strong>. These historical (or 'cumulative') emissions remain relevant because CO\u2082 can remain in the air for centuries. Europe and the US dominate, having released around half the CO\u2082 ever emitted.</p>", "country_VG": "British Virgin Islands", "map_Poverty": "Poverty", "country_TT": "Trinidad and Tobago", "country_SG": "Singapore", "country_SH": "Saint Helena", "map_SeaLevel": "Sea level", "country_TL": "Timor-Leste", "country_PK": "Pakistan", "country_OM": "Oman", "desc_Population": "Total population, 2013", "map_text_Consumption": "<p>Country sizes show the <strong>carbon footprint of all goods and services consumed</strong> in a nation (2012), including imports and excluding exports. Compared to the <a href=\"#Emissions\">Emissions map</a>, major exporters such as China shrink, while net importers such as the UK grow.</p>", "country_CD": "Democratic Republic of the Congo", "country_GB": "United Kingdom", "country_GA": "Gabon", "country_GF": "French Guiana", "country_GG": "Guernsey", "country_GD": "Grenada", "country_GE": "Georgia", "rank_m": "Medium", "rank_l": "Low", "country_GH": "Ghana", "map_text_CO2perCapita": "<p>CO\u2082 per person from energy and cement, 2013 (tonnes)</p>", "country_GN": "Guinea", "rank_h": "High", "country_GL": "Greenland", "no_data": "No data available", "country_GR": "Greece", "country_GS": "South Georgia South Sandwich Islands", "country_GP": "Guadeloupe", "country_GQ": "Equatorial Guinea", "country_VE": "Venezuela", "country_GW": "Guinea-Bissau", "country_GT": "Guatemala", "country_GU": "Guam", "country_VI": "US Virgin Islands", "country_GY": "Guyana", "shading_PopulationGrowth": "Population growth", "country_VN": "Vietnam"}, "es": {"country_LS": "Lesotho", "country_LR": "Liberia", "map_Emissions": "Emisiones", "country_TH": "Tailandia", "country_TO": "Tonga", "country_LV": "Letonia", "map_text_GDP": "<p>El tama\u00f1o de los pa\u00edses muestran el <strong>PIB total</strong> (2013), la suma de toda la actividad econ\u00f3mica de cada naci\u00f3n. El mapa est\u00e1 dominado por Am\u00e9rica del Norte y Europa Occidental, que representan m\u00e1s de la mitad del PIB del mundo, a pesar de albergar a menos de un quinto de la poblaci\u00f3n mundial.</p>", "map_text_Continents": "", "country_TC": "Islas Turcas y Caicos", "country_LY": "Libia", "country_MK": "Macedonia", "country_TG": "Togo", "country_TF": "Franc\u00e9s Tierras Australes y Ant\u00e1rticas", "country_TD": "Chad", "country_LC": "Santa Luc\u00eda", "country_LB": "L\u00edbano", "country_LA": "Laos", "country_UZ": "Uzbekist\u00e1n", "desc_GDPperCapita": "PIB (PPA) por persona de 2013", "link_about": "Acerca de esta herramienta", "country_TR": "Turqu\u00eda", "country_LI": "Liechtenstein", "desc_Area": "Superficie del terreno", "desc_Historical": "CO\u2082 acumulado de uso de la energ\u00eda, 1850-2011", "country_TN": "T\u00fanez", "country_DZ": "Argelia", "map_Reserves": "Reservas", "loading": "Cargando mapas\u2026", "country_TZ": "Tanzania", "country_LU": "Luxemburgo", "desc_Extraction": "CO\u2082 de los combustibles f\u00f3siles extra\u00eddos, 2013", "title": "<span class=\"the\">El</span> Mapa de Carbono", "tweet": "El Mapa de Carbono realizado por @k_i_l_n cambi\u00f3 por completo mi visi\u00f3n de la tierra", "country_LT": "Lituania", "desc_PeopleAtRisk": "Poblaci\u00f3n que ya sufre de sequ\u00edas, inundaciones o temperaturas extremas, 2013", "country_DK": "Dinamarca", "country_DJ": "Djibouti", "country_UG": "Uganda", "shading_EmissionsChange": "Cambios en las emisiones", "choose": "Elija un tema sobre el mapa para ver los datos aqu\u00ed", "country_DM": "Dominica", "country_PN": "Islas Pitcairn", "shading_GDPperCapita": "PIB por persona", "country_MC": "M\u00f3naco", "country_DE": "Alemania", "infobox_heading": "Este mapa", "country_SC": "Seychelles", "map_text_SeaLevel": "<p>El tama\u00f1o de los pa\u00edses muestran que el n\u00famero de <strong>personas que viven menos de 5m sobre el nivel del mar</strong>. Algunas poblaciones se ver\u00e1n expuestos a crecientes niveles del mar en las pr\u00f3ximas d\u00e9cadas y siglos.</p>", "country_MX": "M\u00e9xico", "country_MY": "Malasia", "country_MZ": "Mozambique", "shade_by": "Sombreado por", "country_MT": "Malta", "country_MU": "Mauricio", "country_MV": "Maldivas", "country_BJ": "Benin", "country_MP": "Islas Marianas del Norte", "country_MQ": "Martinica", "country_MR": "Mauritania", "country_MS": "Montserrat", "country_ML": "Mal\u00ed", "country_MM": "Birmania", "country_MN": "Mongolia", "unit_people": "Personas", "country_MH": "Islas Marshall", "country_RW": "Rwanda", "country_BD": "Bangladesh", "country_MD": "Moldavia", "country_IL": "Israel", "country_MF": "San Martin", "map_Historical": "Historial", "country_MA": "Marruecos", "map_PeopleAtRisk": "Las personas en riesgo", "navtitle_reference": "Antecedentes", "country_EE": "Estonia", "country_MO": "Macau", "country_EG": "Egipto", "desc_Consumption": "CO\u2082 de bienes / servicios consumidos, 2012", "country_TW": "Taiwan", "country_EC": "Ecuador", "country_EH": "S\u00e1hara Occidental", "country_ET": "Etiop\u00eda", "country_PT": "Portugal", "country_ZA": "Sud\u00e1frica", "country_ER": "Eritrea", "country_ES": "Espa\u00f1a", "change_up": "Arriba", "country_SA": "Arabia Saudita", "country_RO": "Rumania", "country_JP": "Jap\u00f3n", "navtitle_vulnerability": "Vulnerabilidad", "country_SO": "Somalia", "country_RE": "Reunion", "map_text_GDPperCapita": "<p>El producto interno bruto por persona basado en PPP de 2013</p>", "country_JE": "Jersey", "country_LK": "Sri Lanka", "country_IT": "Italia", "country_TJ": "Tayikist\u00e1n", "country_JM": "Jamaica", "country_SJ": "Svalbard", "desc_CO2perCapita": "CO\u2082 por persona, 2013", "country_RS": "Serbia", "country_SK": "Eslovaquia", "unit_T": "Toneladas", "map_text_Emissions": "<p>El tama\u00f1o de los pa\u00edses muestran sus <strong>emisiones CO\u2082 anuales provenientes del uso de combustibles f\u00f3siles y producci\u00f3n de cemento</strong>. Esta es la forma convencional de ver las emisiones nacionales, pero no tiene en cuenta las importaciones y exportaciones de combustibles f\u00f3siles (el <a href=\"#Extraction\">mapa Extracci\u00f3n</a>) y de bienes y servicios (el <a href=\"#Consumption\">Consumo mapa</a>).</p>", "country_BY": "Bielorrusia", "map_text_Reserves": "<p>El tama\u00f1o de los pa\u00edses muestran las <strong>emisiones potenciales CO\u2082 de las reservas de combustibles f\u00f3siles</strong> (2013), calculado mediante la conversi\u00f3n de las reservas estimadas de cada naci\u00f3n de petr\u00f3leo econ\u00f3micamente recuperable, el carb\u00f3n y el gas en el CO\u2082 que resultar\u00eda si se quemaron todos los combustibles.</p>", "country_BZ": "Belice", "desc_Reserves": "Potencial CO\u2082 en las reservas de combustibles f\u00f3siles, a finales de 2013", "country_BT": "But\u00e1n", "country_BW": "Botswana", "country_BV": "Bouvet Island", "country_YT": "Mayotte", "country_BS": "Bahamas", "country_BR": "Brasil", "country_BM": "Bermuda", "country_BL": "San Bartolom\u00e9", "country_BO": "Bolivia", "country_BN": "Brunei Darussalam", "country_BI": "Burundi", "country_BH": "Bahrein", "change_down": "Abajo", "map_text_Extraction": "<p>El tama\u00f1o de los pa\u00edses muestran las eventuales <strong>emisiones CO\u2082 de petr\u00f3leo, carb\u00f3n y gas extra\u00eddos cada a\u00f1o</strong> (2013). Muchos de estos combustibles se exportan m\u00e1s que consumi\u00f3 en el pa\u00eds, pero podr\u00eda decirse que los pa\u00edses que extraen y venden los combustibles f\u00f3siles llevan un grado de responsabilidad en las emisiones resultantes.</p>", "country_BE": "B\u00e9lgica", "rank_vl": "Muy bajo", "country_BG": "Bulgaria", "country_BF": "Burkina Faso", "country_BA": "Bosnia y Herzegovina", "country_YE": "Yemen", "map_text_Poverty": "<p>Tama\u00f1os de los pa\u00edses muestran que el n\u00famero de <strong>personas viven con menos de 1,25 d\u00f3lares al d\u00eda</strong>. La pobreza se suma a la vulnerabilidad al cambio clim\u00e1tico debido a la falta de acceso a servicios de salud aumenta los riesgos de los cambios clim\u00e1ticos, y la falta de acceso al capital hace que sea m\u00e1s dif\u00edcil de poner en pr\u00e1ctica las medidas de adaptaci\u00f3n.</p>", "country_BB": "Barbados", "country_SN": "Senegal", "country_KW": "Kuwait", "country_SL": "Sierra Leona", "country_SM": "San Marino", "country_KR": "Corea del Sur", "map_text_PopulationGrowth": "<p>Tasa de variaci\u00f3n anual de la poblaci\u00f3n, 2013</p>", "country_KP": "Corea del Norte", "country_IM": "Isla de Man", "country_SB": "Islas Salom\u00f3n", "country_SD": "Sud\u00e1n", "country_SE": "Suecia", "country_KZ": "Kazajst\u00e1n", "map_text_Area": "<p>El tama\u00f1o de los pa\u00edses muestran <strong>\u00e1rea real de la tierra</strong>. La mayor\u00eda de los mapas del mundo no muestran esto con precisi\u00f3n, ya que no es posible representar el mundo como un mapa plano, sin modificar de alguna manera o la forma o el \u00e1rea.</p>", "link_sources": "Las fuentes de datos", "continent_2": "\u00c1frica", "country_KG": "Kirguist\u00e1n", "country_KE": "Kenia", "country_SZ": "Swazilandia", "country_SX": "Sint Maarten", "country_IQ": "Irak", "country_KN": "San Crist\u00f3bal y Nieves", "country_ST": "Santo Tom\u00e9 y Pr\u00edncipe", "country_KM": "Comoras", "country_SR": "Suriname", "country_KY": "Islas Caim\u00e1n", "country_KH": "Camboya", "country_KI": "Kiribati", "map_text_Population": "<p>Los tama\u00f1os de los pa\u00edses muestran <strong>poblaci\u00f3n total</strong> \u2013 que incluye a todos los residentes, excepto los refugiados. Asia se hincha enormemente, haciendo hincapi\u00e9 en que m\u00e1s de la mitad de la poblaci\u00f3n mundial viven all\u00ed.</p>", "country_CZ": "Rep\u00fablica Checa", "country_CX": "Isla de Navidad", "country_CY": "Chipre", "country_CV": "Cabo Verde", "country_CW": "Cura \\ u00e7ao", "continent_3": "Asia", "country_CU": "Cuba", "country_CR": "Costa Rica", "map_text_PeopleAtRisk": "<p>El tama\u00f1o de los pa\u00edses muestran que el n\u00famero de <strong>personas heridos, que quedaron sin hogar, desplazadas o que requieren ayuda de emergencia debido a las inundaciones, las sequ\u00edas o las temperaturas extremas</strong> en un a\u00f1o t\u00edpico. Se espera que el cambio clim\u00e1tico exacerbe muchas de estas amenazas.</p>", "country_CN": "China", "credit": "Creado por  <span id=\"kiln\">KILN</span>", "map_text_Reset": "<p>Este es el mundo como se ve en uno de los mapas m\u00e1s comunes: la proyecci\u00f3n de Robinson.</p>", "country_CM": "Camer\u00fan", "country_CK": "Islas Cook", "country_CH": "Suiza", "country_CI": "C\u00f4te d'Ivoire", "country_CF": "Rep\u00fablica Centroafricana", "country_CG": "Congo", "map_Population": "Poblaci\u00f3n", "country_CC": "Cocos (Keeling)", "country_TV": "Tuvalu", "country_CA": "Canada", "country_PG": "Pap\u00faa Nueva Guinea", "country_PF": "Polinesia franc\u00e9s", "country_PE": "Per\u00fa", "country_IO": "Territorio Brit\u00e1nico del Oc\u00e9ano \u00cdndico", "country_WS": "Samoa", "continent_4": "Am\u00e9rica del norte", "country_PA": "Panam\u00e1", "desc_PopulationGrowth": "Crecimiento de la poblaci\u00f3n, 2013", "unit_mT": "Millones de toneladas", "country_PM": "San Pedro y Miquel\u00f3n", "country_PL": "Polonia", "unit_sqkm": "Kil\u00f3metros Cuadrados", "rank": "Rango", "country_PH": "Filipinas", "country_PW": "Palau", "country_SV": "El Salvador", "country_NZ": "Nueva Zelanda", "country_PS": "Palestina", "country_PR": "Puerto Rico", "country_ME": "Montenegro", "navtitle_responsibility": "Responsabilidad", "country_PY": "Paraguay", "country_HN": "Honduras", "country_HM": "Islas Heard y McDonald", "country_HK": "Hong Kong", "continent_1": "Europa", "shading_Continents": "Continentes", "country_UY": "Uruguay", "country_SS": "Sud\u00e1n del Sur", "country_WF": "Islas Wallis y Futuna", "map_text_EmissionsChange": "<p>Variaci\u00f3n de las emisiones CO\u2082, 1990-2011</p>", "country_DO": "Rep\u00fablica Dominicana", "country_HU": "Hungr\u00eda", "country_HT": "Hait\u00ed", "map_Consumption": "Consumo", "country_QA": "Qatar", "continent_6": "Ocean\u00eda", "country_TK": "Tokelau", "desc_GDP": "PIB (PPA), 2013", "country_MG": "Madagascar", "desc_Poverty": "Poblaci\u00f3n que vive con menos de 1,25 d\u00f3lares al d\u00eda, 2010", "shading_CO2perCapita": "CO2 por persona", "country_VU": "Vanuatu", "country_XK": "Kosovo", "desc_SeaLevel": "Poblaci\u00f3n que vive a menos de 5 metros sobre el nivel del mar, 2010", "country_ZW": "Zimbabwe", "country_AQ": "Ant\u00e1rtida", "country_AR": "Argentina", "country_AS": "Samoa Americana", "country_AT": "Austria", "country_AU": "Australia", "country_IN": "India", "country_AW": "Aruba", "country_AX": "\\ Islas u00c5land", "country_AZ": "Azerbaiy\u00e1n", "country_ID": "Indonesia", "country_IE": "Irlanda", "country_SY": "Siria", "country_HR": "Croacia", "rank_vh": "Muy alto", "country_ZM": "Zambia", "country_AD": "Andorra", "country_AE": "Emiratos \u00c1rabes Unidos", "country_AF": "Afganist\u00e1n", "country_AG": "Antigua y Barbuda", "country_AI": "Anguila", "country_IR": "Ir\u00e1n", "country_IS": "Islandia", "country_AL": "Albania", "country_AM": "Armenia", "country_AN": "Antillas Holandesas", "country_AO": "Angola", "country_GI": "Gibraltar", "country_TM": "Turkmenist\u00e1n", "country_VC": "San Vicente y las Granadinas", "country_NP": "Nepal", "map_Area": "Superficie", "country_NR": "Nauru", "country_NU": "Niue", "country_SI": "Eslovenia", "country_NI": "Nicaragua", "country_RU": "Rusia", "map_Extraction": "Extracci\u00f3n", "country_NL": "Pa\u00edses Bajos", "country_NO": "Noruega", "country_NA": "Namibia", "country_NC": "Nueva Caledonia", "country_GM": "Gambia", "desc_Emissions": "CO\u2082 de combustibles f\u00f3siles quemados, 2013", "country_JO": "Jordania", "country_NG": "Nigeria", "country_NF": "Isla Norfolk", "country_VA": "Ciudad del Vaticano", "country_US": "Estados Unidos", "country_CO": "Colombia", "country_FI": "Finlandia", "country_NE": "N\u00edger", "country_FK": "Islas Malvinas", "country_FJ": "Fiji", "country_FM": "Micronesia", "country_CL": "Chile", "country_FO": "Islas Feroe", "desc_EmissionsChange": "Variaci\u00f3n de las emisiones CO\u2082, 1990-2013", "country_FR": "Francia", "country_UA": "Ucrania", "map_GDP": "Riqueza", "country_UM": "Islas menores alejadas de los", "continent_5": "Sudamerica", "country_MW": "Malawi", "map_text_Historical": "<p>El tama\u00f1o de los pa\u00edses muestran <strong>emisiones CO\u2082 de uso de la energ\u00eda 1850-2011</strong>. Estas emisiones hist\u00f3ricas (o \u201cacumulativos\u201d) siguen siendo relevantes porque el CO\u2082 puede permanecer en el aire durante siglos. Europa y los EE.UU. dominan, despu\u00e9s de haber puesto en libertad alrededor de la mitad de la CO\u2082 jam\u00e1s emitida.</p>", "country_VG": "Islas V\u00edrgenes Brit\u00e1nicas", "map_Poverty": "Pobreza", "country_TT": "Trinidad y Tobago", "country_SG": "Singapur", "country_SH": "Santa Elena", "map_SeaLevel": "El nivel del mar", "country_TL": "Timor-Leste", "country_PK": "Pakist\u00e1n", "country_OM": "Om\u00e1n", "desc_Population": "Poblaci\u00f3n total, 2013", "map_text_Consumption": "<p>Tama\u00f1os de los pa\u00edses muestran la <strong>huella de carbono de todos los bienes y servicios consumidos</strong> en una naci\u00f3n, incluyendo las importaciones y excluyendo las exportaciones. En comparaci\u00f3n con el <a href=\"#Emissions\">Emisiones mapa</a>, los principales exportadores como China se reducen, mientras que los importadores netos como el Reino Unido crecen.</p>", "country_CD": "Rep\u00fablica Democr\u00e1tica del Congo", "country_GB": "Reino Unido", "country_GA": "Gab\u00f3n", "country_GF": "Guayana franc\u00e9sa", "country_GG": "Guernsey", "country_GD": "Granada", "country_GE": "Georgia", "rank_m": "Medium", "rank_l": "Bajo", "country_GH": "Ghana", "map_text_CO2perCapita": "<p>CO\u2082 por persona de energ\u00eda y cemento, 2013 (toneladas)</p>", "country_GN": "Guinea", "rank_h": "Alto", "country_GL": "Groenlandia", "no_data": "No hay datos disponibles", "country_GR": "Grecia", "country_GS": "Islas Sandwich del Sur Georgia del Sur", "country_GP": "Guadalupe", "country_GQ": "Guinea Ecuatorial", "country_VE": "Venezuela", "country_GW": "Guinea-Bissau", "country_GT": "Guatemala", "country_GU": "Guam", "country_VI": "Islas V\u00edrgenes", "country_GY": "Guyana", "shading_PopulationGrowth": "Crecimiento de la poblaci\u00f3n", "country_VN": "Vietnam"}, "pt": {"country_LS": "Lesoto", "country_LR": "Lib\u00e9ria", "map_Emissions": "Emiss\u00f5es", "country_TH": "Tail\u00e2ndia", "country_TO": "Tonga", "country_LV": "Let\u00f4nia", "map_text_GDP": "<p>O tamanho dos pa\u00edses mostra o <strong>PIB total</strong> (2013): a soma de toda a atividade econ\u00f4mica de cada pa\u00eds. O mapa \u00e9 dominado pela Am\u00e9rica do Norte e pela Europa Ocidental, respons\u00e1veis por mais da metade do PIB mundial, apesar de abrigarem menos que um quinto da popula\u00e7\u00e3o global.</p>", "map_text_Continents": "", "country_TC": "Ilhas Turcas e Caicos", "country_LY": "L\u00edbia", "country_MK": "Maced\u00f4nia", "country_TG": "Togo", "country_TF": "Terras Austrais e Ant\u00e1rticas Francesas", "country_TD": "Chade", "country_LC": "Santa L\u00facia", "country_LB": "L\u00edbano", "country_LA": "Laos", "country_UZ": "Usbequist\u00e3o", "desc_GDPperCapita": "PIB (poder de compra) por pessoa, 2013", "link_about": "Sobre esta ferramenta", "country_TR": "Turquia", "country_LI": "Liechtenstein", "desc_Area": "\u00c1rea", "desc_Historical": "CO\u2082 acumulado pelo uso de energia, 1850\u20132011", "country_TN": "Tun\u00edsia", "country_DZ": "Alg\u00e9ria", "map_Reserves": "Reservas", "loading": "Carregando mapas\u2026", "country_TZ": "Tanz\u00e2nia", "country_LU": "Luxemburgo", "desc_Extraction": "CO\u2082 da extra\u00e7\u00e3o de combust\u00edveis f\u00f3sseis, 2013", "title": "<span class=\"the\">O</span> mapa do carbono", "tweet": "A Terra mudou para mim no Mapa do Carbono por @k_i_l_n.", "country_LT": "Litu\u00e2nia", "desc_PeopleAtRisk": "Popula\u00e7\u00f5es atingidas por secas, enchentes ou temperaturas extremas, 2013", "country_DK": "Dinamarca", "country_DJ": "Djibuti", "country_UG": "Uganda", "shading_EmissionsChange": "Mudan\u00e7as nas emiss\u00f5es", "choose": "Escolha um t\u00f3pico acima para ver os dados aqui", "country_DM": "Dominica", "country_PN": "Ilhas Pitcairn", "shading_GDPperCapita": "PIB por pessoa", "country_MC": "M\u00f4naco", "country_DE": "Alemanha", "infobox_heading": "O mapa", "country_SC": "Ilhas Seychelles", "map_text_SeaLevel": "<p>O tamanho dos pa\u00edses mostra <strong>pessoas vivendo a menos de 5 metros acima do n\u00edvel do mar</strong>. Algumas delas enfrentar\u00e3o o aumento do n\u00edvel dos oceanos nas pr\u00f3ximas d\u00e9cadas ou s\u00e9culos.</p>", "country_MX": "M\u00e9xico", "country_MY": "Mal\u00e1sia", "country_MZ": "Mo\u00e7ambique", "shade_by": "Escolha por", "country_MT": "Malta", "country_MU": "Ilhas Maur\u00edcio", "country_MV": "Maldivas", "country_BJ": "Benin", "country_MP": "Ilhas Marianas do Norte", "country_MQ": "Martinica", "country_MR": "Maurit\u00e2nia", "country_MS": "Montserrat", "country_ML": "Mali", "country_MM": "Mianmar", "country_MN": "Mong\u00f3lia", "unit_people": "popula\u00e7\u00e3o", "country_MH": "Ilhas Marshall", "country_RW": "Ruanda", "country_BD": "Bangladesh", "country_MD": "Mold\u00e1via", "country_IL": "Israel", "country_MF": "Ilha de S\u00e3o Martinho", "map_Historical": "Hist\u00f3rico", "country_MA": "Marrocos", "map_PeopleAtRisk": "Popula\u00e7\u00f5es em risco", "navtitle_reference": "Dados Gerais", "country_EE": "Est\u00f4nia", "country_MO": "Macau", "country_EG": "Egito", "desc_Consumption": "CO\u2082 de produtos e servi\u00e7os consumidos, 2012", "country_TW": "Taiwan", "country_EC": "Equador", "country_EH": "Saara Ocidental", "country_ET": "Eti\u00f3pia", "country_PT": "Portugal", "country_ZA": "\u00c1frica do Sul", "country_ER": "Eritreia", "country_ES": "Espanha", "change_up": "Acima de", "country_SA": "Ar\u00e1bia Saudita", "country_RO": "Rom\u00eania", "country_JP": "Jap\u00e3o", "navtitle_vulnerability": "Vulnerabilidade", "country_SO": "Som\u00e1lia", "country_RE": "Ilha de Reuni\u00e3o", "map_text_GDPperCapita": "<p>Produto Interno Bruto  por pessoa baseado no poder de compra, 2013</p>", "country_JE": "Ilhas Jersey", "country_LK": "Sri Lanka", "country_IT": "It\u00e1lia", "country_TJ": "Tadjiquist\u00e3o", "country_JM": "Jamaica", "country_SJ": "Svalbard", "desc_CO2perCapita": "CO\u2082 por pessoa, 2013", "country_RS": "S\u00e9rvia", "country_SK": "Eslov\u00e1quia", "unit_T": "toneladas", "map_text_Emissions": "<p>O tamanho dos pa\u00edses mostra as <strong>emiss\u00f5es anuais de CO\u2082 do uso de combust\u00edveis f\u00f3sseis</strong> e da produ\u00e7\u00e3o de cimento (2013). Esse \u00e9 o modo convencional de visualizar as emiss\u00f5es, mas ele ignora as importa\u00e7\u00f5es e exporta\u00e7\u00f5es de combust\u00edveis f\u00f3sseis (<a href=\"#Extra\u00e7\u00e3o\">mapa de Extra\u00e7\u00e3o</a>) e os produtos e servi\u00e7os (<a href=\"#Consumo\">mapa do Consumo</a>).</p>", "country_BY": "Bielorr\u00fassia", "map_text_Reserves": "<p>O tamanho dos pa\u00edses mostra as <strong>potenciais emiss\u00f5es de CO\u2082 das reservas de combust\u00edveis f\u00f3sseis</strong> (2013), feitas pela convers\u00e3o dos estoques estimados de petr\u00f3leo, carv\u00e3o e g\u00e1s natural no CO\u2082 emitido se todos eles fossem queimados.</p>", "country_BZ": "Belize", "desc_Reserves": "CO\u2082 potencial em reservas de combust\u00edveis f\u00f3sseis, fim de 2013", "country_BT": "But\u00e3o", "country_BW": "Botsuana", "country_BV": "Ilha Bouvet", "country_YT": "Ilha Mayotte", "country_BS": "Bahamas", "country_BR": "Brasil", "country_BM": "Bermudas", "country_BL": "S\u00e3o Bartolomeu", "country_BO": "Bol\u00edvia", "country_BN": "Brunei", "country_BI": "Burundi", "country_BH": "Barein", "change_down": "Abaixo de", "map_text_Extraction": "<p>O tamanho dos pa\u00edses mostra as poss\u00edveis <strong>emiss\u00f5es de CO\u2082 de petr\u00f3leo, carv\u00e3o e g\u00e1s natural extra\u00eddos anualmente</strong> (2013). Muitos deles s\u00e3o exportados, mas, sem d\u00favida, as na\u00e7\u00f5es que extraem e vendem combust\u00edveis f\u00f3sseis t\u00eam uma parcela de responsabilidade pelas emiss\u00f5es.</p>", "country_BE": "B\u00e9lgica", "rank_vl": "Muito baixo", "country_BG": "Bulg\u00e1ria", "country_BF": "Burkina Faso", "country_BA": "B\u00f3snia-Herzeg\u00f3vina", "country_YE": "I\u00eamen", "map_text_Poverty": "<p>O tamanho dos pa\u00edses mostra as <strong>pessoas vivendo com menos de 1,25 d\u00f3lar por dia</strong>. A pobreza aumenta a vulnerabilidade porque a falta de acesso aos servi\u00e7os de sa\u00fade faz crescer as amea\u00e7as resultantes das mudan\u00e7as clim\u00e1ticas \u2013 e a falta de acesso aos recursos torna ainda mais dif\u00edcil implementar medidas de adapta\u00e7\u00e3o.</p>", "country_BB": "Barbados", "country_SN": "Senegal", "country_KW": "Kuait", "country_SL": "Serra Leoa", "country_SM": "San Marino", "country_KR": "Coreia do Sul", "map_text_PopulationGrowth": "<p>Taxa anual da mudan\u00e7a populacional, 2013</p>", "country_KP": "Coreia do Norte", "country_IM": "Ilha de Man", "country_SB": "Ilhas Salom\u00e3o", "country_SD": "Sud\u00e3o", "country_SE": "Su\u00e9cia", "country_KZ": "Casaquist\u00e3o", "map_text_Area": "<p>O tamanho dos pa\u00edses mostra a <strong>\u00e1rea verdadeira</strong>. A maioria dos mapas-m\u00fandi n\u00e3o mostra isso com precis\u00e3o, pois n\u00e3o \u00e9 poss\u00edvel representar o globo em um mapa plano sem distorcer seu formato ou a \u00e1rea.</p>", "link_sources": "Fonte de dados", "continent_2": "\u00c1frica", "country_KG": "Quirguist\u00e3o", "country_KE": "Qu\u00eania", "country_SZ": "Suazil\u00e2ndia", "country_SX": "S\u00e3o Martinho", "country_IQ": "Iraque", "country_KN": "S\u00e3o Crist\u00f3v\u00e3o e N\u00e9vis", "country_ST": "S\u00e3o Tom\u00e9 e Pr\u00edncipe", "country_KM": "Comores", "country_SR": "Suriname", "country_KY": "Ilhas Cayman", "country_KH": "Camboja", "country_KI": "Kiribati", "map_text_Population": "<p>O tamanho dos pa\u00edses mostra sua <strong>popula\u00e7\u00e3o total</strong> (2013) \u2013 que inclui todos os habitantes, exceto os refugiados. A \u00c1sia cresce, enfatizando que mais da metade da popula\u00e7\u00e3o mundial vive nesse pa\u00eds.</p>", "country_CZ": "Rep\u00fablica Checa", "country_CX": "Ilha Christmas", "country_CY": "Chipre", "country_CV": "Cabo Verde", "country_CW": "Cura\u00e7ao", "continent_3": "\u00c1sia", "country_CU": "Cuba", "country_CR": "Costa Rica", "map_text_PeopleAtRisk": "<p>O tamanho dos pa\u00edses mostra o n\u00famero de <strong>pessoas feridas, desabrigadas, refugiadas ou que necessitaram de servi\u00e7os de emerg\u00eancia por causa de enchentes, secas ou temperaturas extremas</strong>, em um ano comum. Espera-se que a mudan\u00e7a clim\u00e1tica agrave essas amea\u00e7as.</p>", "country_CN": "China", "credit": "Feito por <span id=\"kiln\">KILN</span>", "map_text_Reset": "<p>Este \u00e9 o mundo visto em um dos mapas mais comuns: a Proje\u00e7\u00e3o de Robinson.</p>", "country_CM": "Camar\u00f5es", "country_CK": "Ilhas Cook", "country_CH": "Su\u00ed\u00e7a", "country_CI": "Costa do Marfim", "country_CF": "Rep\u00fablica Centro-Africana", "country_CG": "Congo", "map_Population": "Popula\u00e7\u00e3o", "country_CC": "Ilhas Cocos (Keeling)", "country_TV": "Tuvalu", "country_CA": "Canad\u00e1", "country_PG": "Papua-Nova Guin\u00e9", "country_PF": "Polin\u00e9sia Francesa", "country_PE": "Peru", "country_IO": "Territ\u00f3rio Brit\u00e2nico do Oceano \u00cdndico", "country_WS": "Samoa", "continent_4": "Am\u00e9rica do Norte", "country_PA": "Panam\u00e1", "desc_PopulationGrowth": "Crescimento da popula\u00e7\u00e3o, 2013", "unit_mT": "milh\u00f5es de toneladas", "country_PM": "Saint-Pierre e Miquelon", "country_PL": "Pol\u00f4nia", "unit_sqkm": "quil\u00f4metros quadrados", "rank": "Ranking", "country_PH": "Filipinas", "country_PW": "Palau", "country_SV": "El Salvador", "country_NZ": "Nova Zel\u00e2ndia", "country_PS": "Palestina", "country_PR": "Porto Rico", "country_ME": "Montenegro", "navtitle_responsibility": "Responsabilidade", "country_PY": "Paraguai", "country_HN": "Honduras", "country_HM": "Ilha Heard e Ilhas McDonald", "country_HK": "Hong Kong", "continent_1": "Europa", "shading_Continents": "Continentes", "country_UY": "Uruguai", "country_SS": "Sud\u00e3o do Sul", "country_WF": "Wallis e Futuna", "map_text_EmissionsChange": "<p>Mudan\u00e7as nas emiss\u00f5es de CO\u2082, 1990\u20132011</p>", "country_DO": "Rep\u00fablica Dominicana", "country_HU": "Hungria", "country_HT": "Haiti", "map_Consumption": "Consumo", "country_QA": "Catar", "continent_6": "Oceania", "country_TK": "Tokelau", "desc_GDP": "PIB (Poder de Compra), 2013", "country_MG": "Madagascar", "desc_Poverty": "Popula\u00e7\u00f5es vivendo com menos de 1,25 d\u00f3lar por dia, 2013", "shading_CO2perCapita": "CO\u2082 por pessoa", "country_VU": "Vanuatu", "country_XK": "Kosovo", "desc_SeaLevel": "Popula\u00e7\u00f5es vivendo a menos de 5 metros acima do n\u00edvel do mar, 2013", "country_ZW": "Zimb\u00e1bue", "country_AQ": "Ant\u00e1rtica", "country_AR": "Argentina", "country_AS": "Samoa Americana", "country_AT": "\u00c1ustria", "country_AU": "Austr\u00e1lia", "country_IN": "\u00cdndia", "country_AW": "Aruba", "country_AX": "\\u00c5land Islands", "country_AZ": "Azerbaij\u00e3o", "country_ID": "Indon\u00e9sia", "country_IE": "Irlanda", "country_SY": "S\u00edria", "country_HR": "Cro\u00e1cia", "rank_vh": "Muito alto", "country_ZM": "Z\u00e2mbia", "country_AD": "Andorra", "country_AE": "Emirados \u00c1rabes Unidos", "country_AF": "Afeganist\u00e3o", "country_AG": "Ant\u00edgua e Barbuda", "country_AI": "Anguilla", "country_IR": "Ir\u00e3", "country_IS": "Isl\u00e2ndia", "country_AL": "Alb\u00e2nia", "country_AM": "Arm\u00eania", "country_AN": "Antilhas Holandesas", "country_AO": "Angola", "country_GI": "Gibraltar", "country_TM": "Turcomenist\u00e3o", "country_VC": "S\u00e3o Vicente e Granadinas", "country_NP": "Nepal", "map_Area": "\u00c1rea", "country_NR": "Nauru", "country_NU": "Niue", "country_SI": "Eslov\u00eania", "country_NI": "Nicar\u00e1gua", "country_RU": "R\u00fassia", "map_Extraction": "Extra\u00e7\u00e3o", "country_NL": "Holanda", "country_NO": "Noruega", "country_NA": "Nam\u00edbia", "country_NC": "Nova Caled\u00f4nia", "country_GM": "G\u00e2mbia", "desc_Emissions": "CO\u2082 da queima de combust\u00edveis f\u00f3sseis, 2013", "country_JO": "Jord\u00e2nia", "country_NG": "Nig\u00e9ria", "country_NF": "Ilha Norfolk", "country_VA": "Vaticano", "country_US": "Estados Unidos", "country_CO": "Col\u00f4mbia", "country_FI": "Finl\u00e2ndia", "country_NE": "N\u00edger", "country_FK": "Ilhas Malvinas", "country_FJ": "Ilhas Fiji", "country_FM": "Micron\u00e9sia", "country_CL": "Chile", "country_FO": "Ilhas Faroe", "desc_EmissionsChange": "Mudan\u00e7as nas emiss\u00f5es de CO\u2082, 1990\u20132013", "country_FR": "Fran\u00e7a", "country_UA": "Ucr\u00e2nia", "map_GDP": "Riqueza", "country_UM": "Ilhas Menores Distantes dos Estados Unidos", "continent_5": "Am\u00e9rica do Sul", "country_MW": "Malau\u00ed", "map_text_Historical": "<p>O tamanho dos pa\u00edses mostra as <strong>emiss\u00f5es de CO\u2082 vindas do uso de energia de 1850-2011</strong>. Essas emiss\u00f5es hist\u00f3ricas (ou \u201ccumulativas\u201d) s\u00e3o relevantes porque o CO\u2082 pode permanecer no ar por s\u00e9culos. Europa e EUA dominam o mapa, tendo liberado cerca de metade de todo o CO\u2082.</p>", "country_VG": "Ilhas Virgens Brit\u00e2nicas", "map_Poverty": "Pobreza", "country_TT": "Trinidad e Tobago", "country_SG": "Cingapura", "country_SH": "Ilha de Santa Helena", "map_SeaLevel": "N\u00edvel dos oceanos", "country_TL": "Timor Leste", "country_PK": "Paquist\u00e3o", "country_OM": "Om\u00e3", "desc_Population": "Popula\u00e7\u00e3o total, 2013", "map_text_Consumption": "<p>O tamanho dos pa\u00edses mostra a <strong>pegada de carbono dos produtos e servi\u00e7os consumidos</strong> (2012), incluindo importa\u00e7\u00f5es e excluindo exporta\u00e7\u00f5es. Comparado ao <a href=\"#Emiss\u00f5es\">mapa de Emiss\u00f5es</a>, grandes exportadores como a China encolhem e importadores como a Gr\u00e3 Bretanha crescem.</p>", "country_CD": "Rep\u00fablica Democr\u00e1tica do Congo", "country_GB": "Reino Unido", "country_GA": "Gab\u00e3o", "country_GF": "Guiana Francesa", "country_GG": "Guernsey", "country_GD": "Granada", "country_GE": "Ge\u00f3rgia", "rank_m": "M\u00e9dio", "rank_l": "Baixo", "country_GH": "Gana", "map_text_CO2perCapita": "<p>CO\u2082 por pessoa de energia e cimento, 2013 (toneladas)</p>", "country_GN": "Guin\u00e9", "rank_h": "Alto", "country_GL": "Groel\u00e2ndia", "no_data": "Sem dados dispon\u00edveis", "country_GR": "Gr\u00e9cia", "country_GS": "Ilhas Ge\u00f3rgia do Sul e Sandwich do Sul", "country_GP": "Guadalupe", "country_GQ": "Guin\u00e9 Equatorial", "country_VE": "Venezuela", "country_GW": "Guin\u00e9-Bissau", "country_GT": "Guatemala", "country_GU": "Guam", "country_VI": "Ilhas Virgens Americanas", "country_GY": "Guiana Francesa", "shading_PopulationGrowth": "Crescimento da popula\u00e7\u00e3o", "country_VN": "Vietn\u00e3"}}